id,title,author,publisher,published_date,category,rating_value,isbn,page_num,size,language,keywords,summary
0,패밀리 레스토랑 가자(상),와야마 야마,문학동네,2024년 04월 01일,만화,9.9,9788954698726,196쪽,142 * 200 * 15,한국어,['정보 없음'],"2년 전 와야마 야마 신드롬을 일으킨 『가라오케 가자!』. 출간 직후 종합 베스트셀러 1위는 물론, 탄탄한 팬덤이 생길 만큼 화제가 되었던 작품이다. 끔찍한 벌칙이 걸린 가라오케 대회를 위해 의기투합했던 야쿠자 쿄지와 독설 노래 선생 사토미의 뒷이야기를 궁금해하고, 오매불망 기다려왔던 독자들에게 새로운 이야기가 도착했다. 대학생이 된 사토미는 상경 후 홀로 자취를 시작한다. 그런데 이 어린 청년, 근검절약이 심상치 않다. 우연한 계기로 심야의 패밀리 레스토랑 아르바이트를 시작한 사토미는 돈을 모으고 새로운 사람들을 만나며 도쿄에서의 생활을 이어간다. 수상한 만화가 2인조가 레스토랑에서 죽을 치고 만화 애호가이자 선배 아르바이트생인 모리타가 2초 이상 쉬지 않고 말을 걸어오는 가운데, 가장 낯익지만 가장 수상한 남자가 사토미에게 접근한다. “쿄지 씨는 가마타에서 매일 뭐해요? 저랑 밥 먹는 게 다예요?” _5화 오사카와 도쿄를 오가는 야쿠자 쿄지가 사토미를 찾아와 밥을 사주는 날들이 이어진다. 만나서 밥을 먹고, 또 먹고, 또 먹는 두 사람. 사토미는 태연하게 자신을 찾아오는 쿄지에게, 밥을 먹으며 실없는 소리를 하는 쿄지에게, 꼭 해야 할 말이 있다. “전에 선물할 게 있다고 했던 말 기억해요? 다음달에 드릴 건데. 그거 만나면 이제 안 만나는 게 좋지 않을까 싶은데.” _9화 지옥의 가라오케 대회 후 4년, 두 남자가 다시 한번 테이블에 마주앉았다. 회심의 한 곡을 부르기 위해 의기투합했던 이들이 함께 부를 새로운 노래가 궁금하다면, 패밀리 레스토랑에 가보자고。"
1,불변의 법칙,모건 하우절,서삼독,2024년 02월 28일,경제/경영,9.6,9791198517425,정보 없음,정보 없음,한국어,['정보 없음'],"세계적인 베스트셀러 《돈의 심리학》의 저자 모건 하우절이 3년 만에 세상에 내놓은 신작.‘절대 변하지 않는 것들에 대한 23가지 이야기’를 전한다. 출간하자마자 아마존과 뉴욕타임스 베스트셀러 자리에 오르며 아마존 독자들과 오피니언 리더들의 극찬을 받았다. 이번 책은 돈과 투자 영역은 물론이고, 인간의 본성과 세상의 이치에 관한 이야기를 두루 다루어 한층 더 다층적이고 복합적인 메시지를 담아냈다는 평가를 받는다. 모건 하우절은 사람들은 무엇이 변할 것인지에 대해 늘 관심을 갖지만, 미래에 대비하기 위해서는 오히려 과거에도 지금도 미래에도 변함이 없는‘불변의 법칙’에 대해 알아야 한다고 강조한다. 이에 1000년 후에도 유효할 인간의 행동양식과 반복패턴에 대한 흥미로운 역사 스토리와 일화들을 들려준다. 워런 버핏의 스니커즈, 빌 게이츠의 숨겨진 불안, 유발 하라리가 받은 뜻밖의 비난, 게임스탑 사태의 보이지 않는 변수, 벌지 전투의 최후, 마술사 후디니의 죽음 등, 한 편 한 편의 이야기가 마치 다큐소설처럼 펼쳐진다. 흥미로운 일화 속에 인간사를 꿰뚫는 통찰과 삶의 교훈을 구슬처럼 꿰어내어 “역시 모건 하우절이다”라는 찬사를 받았다. 스콧 갤러웨이, 라이온 홀리데이는 물론, 국내 유수의 리더들 또한 먼저 읽고 “대단한 책이다”라는 평가를 내놓았다."
2,일류의 조건,사이토 다카시,필름(Feelm),2024년 03월 20일,자기계발,10,9791193262122,320쪽,148 * 218 * 28,한국어,['정보 없음'],"도서 《일류의 조건》이 국내 첫 출간 후 18년 만에 필름출판사에서 복간되었다. 《일류의 조건》은 일본 메이지 대학교 교수로 재직 중인 사이토 다카시의 대표작으로, 그의 저서는 국내에도 많이 소개되며, 누적 1,000만 부 이상의 판매 부수를 기록하고 있는 베스트셀러 작가이다. 이 책은 2006년 국내 출간 이후 오랜 시간 절판되어, 중고 거래를 통해 책을 구하는 사람들이 많았다. “책이 절판되어 동네 도서관에서 찾아보고 있다”, “책 읽어보고 싶은데 절판되어 구할 수가 없다”, “중고로도 구하기 어려워서 다시 출간되었으면 좋겠다” 등 연일 독자의 출간 요청이 끊이지 않고 이어져 온 책이다. 《일류의 조건》은 한 분야에 있어 통달한 전문가, 즉 ‘일류’가 되기 위해서는 근본적인 조건 세 가지인 ‘훔치는 힘’, ‘요약하는 힘’, ‘추진하는 힘’을 갖추어야 함을 전하는 실용적인 자기계발서다. 10년간 약 1만 권의 책을 읽으며 독서의 중요성을 강조하고 있는 뇌과학 전문가 박문호 박사는 그동안 읽은 자기계발서 중 단 한 권의 추천 도서로 《일류의 조건》을 꼽으며, 이 책에서 말하는 ‘일류가 되기 위한 세 가지 조건’은 날이 갈수록 복잡해지는 사회현상과 넘쳐나는 정보의 홍수 속에서 “반드시 필요한 능력”임을 거듭 강조했다. 특히나 출간된 지 오랜 시간이 지났음에도 “여전히 이 책이 담고 있는 핵심점인 메시지는 지금까지도 매우 유효하다”고 전한 대목에서, 시대가 바뀌고 세월이 흘러도 언제나 ‘근본’이 가장 중요함을 실감하게 한다. 그 변하지 않는 근본은 바로 《일류의 조건》에서 말하는 세 가지 힘일 것이다. 이 책이 전하는 실질적인 메시지를 익힌다면, 어떠한 조건이나 환경에서도 당신 자체로서 빛을 발할 수 있는 돋보이는 존재로 거듭날 수 있을 것이다."
3,양수인간: 삶의 격을 높이는 내면 변화 심리학,최설민,북모먼트,2024년 03월 27일,인문,9.9,9791193937006,정보 없음,149 * 204 * 27,한국어,['정보 없음'],"세상엔 크게 두 가지 유형의 사람이 있다. 자존감이 높고, 신뢰를 바탕으로 관계를 만들어나가며, 마음먹은 대로 사는 사람. 반면, 잣대 없이 잘 휘둘리고, 그저 숨쉬기 때문에 하루하루 살아가며, 내 인생은 왜 이럴까 자조하는 사람. 같은 환경에 놓여도 누구는 행복하고 누구는 불행하다. 이렇게 인생이 갈리는 기준은 무엇일까? 바로, 관점이다. 흔히 운이 따라줘야 잘 산다고 생각하지 않는가. 자신이 아닌 타인과 세상에 초점을 맞췄기 때문이다. 그래서 이끌리는 삶을 살며 하는 일이 안 될 때마다 비관적인 생각을 반복한다. 이것이 수동적인 음수인간이다. 그러나 양수인간은 그렇게 살지 않는다. 내 운명을 운에 맡기지 않고, 타고난 조건과 상관없이 주체적인 의지와 능동적인 선택을 통해 성공적으로 삶을 이끈다. 《양수인간》은 구독자 84만 명 유튜브 채널 ‘놀면서 배우는 심리학’을 통해 새로운 마음 멘토로 떠오른 최설민 저자가 직접 창조한 인생 프레임을 담은 책이다. 우리를 괴롭히는 마음의 문제를 해소하고, 궁극적으로 원하는 삶에 도달하는 법을 ‘양수인간’이란 세계관을 통해 소개한다. ‘왜 나는 늘 안 풀릴까?’ ‘지치고 힘든데 어떻게 행복해질 수 있을까?’ ‘정말 잘될 사람은 따로 있는 걸까?’라는 보통의 고민에서 벗어날 수 있는 본질적인 해결책을 제안한다. 저자도 과거엔 자신이 불행한 사람이라고 생각했다. 부모님에게 사랑받기 어려웠고, 학창 시절 따돌림을 당한 적도 있으며 끝나지 않을 것 같은 고난을 감당해왔다. 하지만 힘든 현실을 어떻게든 벗어나고자 내면의 힘을 키우기로 다짐한 순간부터 삶이 뒤바뀌었다. 상처받기가 싫어서 자신의 마음을 들여다보기 시작했고, 결국 심리학을 전공하여 실용 심리학을 소개하는 전문가로 거듭나면서, 이제는 즐거움과 행복을 쌓아가는 양수인간으로 살아가게 되었다. 이 책엔 저자가 국내 심리학자 및 전문가 150명과의 인터뷰로 얻은 인사이트를 재해석한 ‘양수인간’ 생각의 정수가 가득 담겨 있다. 양수인간이 지닌 마음의 법칙을 읽는 순간부터 누구든 미래가 희망으로 바뀔 수 있다. 후회 없는 삶을 살고 싶은가. 부정적인 생각만 하는 나에게서 벗어나고 싶은가. 사는 대로 생각하는 것이 아닌, 생각하는 대로 사는 인생을 꾸려나가고 싶은가. 그렇다면 이제 ‘양수인간’이 될 차례다."
4,시대예보: 핵개인의 시대(10만 부 기념 스페셜 에디션),송길영,교보문고,2024년 01월 15일,경제/경영,9.4,9791170610359,340쪽,134 * 191 * 32,한국어,"['효도', '정산', '일기 예보', '학벌', '종말', '인플레이션']","수많은 사람의 기록이 축적된 빅데이터에서 인간의 마음을 읽고 해석하는 마인드 마이너(Mind Miner) 송길영은 사회의 변화를 누구보다 빠르게 읽어왔다. 그런 그가 이번에는 수십 년 전의 과거부터 산업화의 격변과 도시화의 확장을 경험한 지금까지의 관찰을 통해, 현재에 대한 이해를 바탕으로 미래의 흐름과 트렌드에 대한 인사이트를 제시한다. 지금껏 사회를 유지해 오던 시스템이 바뀌면서 기존에 없던 새로운 존재인 ‘핵개인’이 탄생한다는 것이다. 엄청난 속도로 새 규칙을 만드는 핵개인은 누구이며, 이들의 시대에 생존하기 위해 우리는 어떤 선택을 해야 할까? 《시대예보: 핵개인의 시대》는 학벌 인플레이션, 돌봄 과도기, 투명 사회, 과잠 계급, 효도의 종말, 이연된 보상 등 지금 시대를 살펴본다. 동시에 한국인보다 서울러, 5분 존경 사회, 글로벌 계급장, AI 동료, 마이크로 커뮤니티, 미정산 세대 등 앞으로 우리가 맞이할 핵개인 시대를 예보한다. 기후 변화가 지난 천년의 기상 메커니즘을 벗어나는 일이 점점 더 잦아지고 있다. 매일 뉴스에서 빠지지 않는 일기예보가 무색할 정도로 급변하며 하루 앞을 예측하기 어려운 시대이지만, 그럼에도 불구하고 우리는 종종 그것이 맞지 않더라도 준비와 대비를 위해 귀를 기울인다. 비유하자면 이는 단순히 비를 피하기 위한 정도의 준비가 아니다. 누군가에게는 생업과 생명이 달려 있을 만큼 중요한 일이다. 이제 옷차림을 위해 한 철의 기상을 알려주는 일기예보가 아닌, 내 삶을 대비하기 위한 더 큰 호흡의 ‘시대예보’가 시작된다."
5,모순,양귀자,쓰다,2013년 04월 01일,소설,9.9,9788998441012,308쪽,128 * 188 * 30,한국어,"['한국소설', '인생', '이모', '출판계', '장편소설', '반대어']","양귀자 소설의 힘을 보여준 베스트셀러 『모순』. 1998년에 초판이 출간된 이후 132쇄를 찍으며 여전히 많은 사랑을 받고 있는 작품을, 오래도록 소장할 수 있는 양장본으로 새롭게 선보인다. 스물다섯 살 미혼여성 안진진을 통해 모순으로 가득한 우리의 인생을 들여다본다. 작가 특유의 섬세한 문장들로 여러 인물들의 삶을 생생하게 그려내고 있다. 시장에서 내복을 팔고 있는 억척스런 어머니와 행방불명 상태로 떠돌다 가끔씩 귀가하는 아버지, 조폭의 보스가 인생의 꿈인 남동생을 가족으로 둔 안진진. 어머니와 일란성 쌍둥이인 이모는 부유하지만 지루한 삶에 지쳐 있고, 가난한 어머니는 처리해야 할 불행들이 많아 지루할 틈이 없다. 안진진은 사뭇 다른 어머니와 이모의 삶을 바라보며 모순투성이인 삶을 어떻게 이해해야 하는지 고민하기 시작하는데…."
6,벼랑 끝이지만 아직 떨어지진 않았어,소재원,프롤로그,2024년 03월 04일,시/에세이,10,9791197332678,정보 없음,정보 없음,한국어,"['에세이', '행복', '책 소개', '항암 치료', '암 투병', '러닝']","대한민국에서 이토록 신뢰받는 작가는 없었을 것이다. 소재원 작가의 신작이 나오기만 하면 드라마, 영화 제작사들은 치열하게 판권 경쟁을 벌인다. 덕분에 영화계도 엄청난 지각 변동을 일으켰다. 소재원 작가가 작가 최초로 계약금 이외, 러닝개런티를 받게 되면서 제대로 된 대우를 받지 못하던 시나리오 작가들에게 지분, 러닝개런티를 받을 수 있는 권리를 찾아준 것이다. 이런 소재원 작가가 4년 만의 침묵을 깨고 사람들의 예상과는 다른 에세이를 출판했다. 작가가 차기작에 대한 고민을 하던 차에 SNS로 오래된 독자의 DM을 받았다. 암 투병 중이던 독자는 항암을 포기하고 마지막을 준비하고 있었다. DM을 받은 작가는 자신이 비틀거리고 힘들었던 시절 스스로에게 힘을 주기 위해 써 내려간 수백 편의 글을 독자에게 보낸다. 며칠 뒤 독자에게서 연락이 왔고 작가의 글을 읽고 다시 힘을 내 항암치료를 계속 이어가겠다는 확답을 받을 수 있었다. 작가가 소설이나 드라마, 영화가 아닌 에세이를 선택한 이유가 바로 이 이유이다. 진실한 글로 희망과 용기, 행복을 주고 싶었다. 실제로 작가는 이번 에세이를 검증하기 위해 절망과 힘겨움 속에 허우적대는 수십 명의 사람들에게 글을 보냈다. 그리고 글을 읽은 모든 이들이 용기를 얻고 희망과 행복을 마주했다는 극찬을 받을 수 있었다. 작가는 누구보다 불행한 인생을 살았다. 그 인생을 어떻게 대하고 살아왔는지, 거친 세상을 어떻게 이겨낼 수 있었는지 방법을 제시하는 편지글이 에세이의 첫 장을 이룬다. 그리고 작가가 좌절하고 무너졌을 때 그 상황을 이겨내기 위해 써 내려간 방법과 계획, 위로의 글들이 뒤를 따른다. 마지막은 작가가 깨달은 진짜 행복의 의미와 희망, 삶에 대한 결론이 진실하게 담겨 있다. 작가는 화려한 책 소개를 완강히 거부했다. 작가는 일 년이 넘는 시간 동안 에세이를 검증해 준 독자들의 리뷰야 말로 책 소개가 될 수 있다고 이야기한다. 꾸밈이나 홍보를 위한 부탁이 아닌 진자 세상과 부딪히며 살아온 평범한 우리들의 진실한 이야기들이 출판사 서평이나 책 소개 보다 더 진정성 있는 책 소개라고 말하고 있다."
7,알사탕 제조법,백희나,스토리보울,2024년 03월 21일,유아(0~7세),9.4,9791198610607,정보 없음,112 * 157 * 9,한국어,['정보 없음'],#마음의 소리를 들려주는 알사탕 비법서 공개 “그건 알사탕이야. 아주 달지.” 역시 맞았다. 동동이가 새 구슬을 사러 들어간 문방구 할아버지가 바로 알사탕을 만든 장본인이다! 할아버지의 정체가 궁금하다. 마음의 소리를 들려주는 신비한 알사탕은 어떻게 만들었을까? 그 비법을 파헤치러 시간을 거슬러가 보자!
8,찌그러져도 동그라미입니다,김창완,웅진지식하우스,2024년 03월 28일,시/에세이,10,9788901280684,정보 없음,135 * 195 * 28,한국어,['정보 없음'],"한국 대중문화에 가장 독보적인 자취를 남긴 뮤지션 김창완의 에세이가 웅진지식하우스에서 출간된다. 김창완은 1977년 산울림으로 데뷔해 독자적인 음악 세계를 선보이며 가요계에 큰 획을 그었다. 그의 곡들은 아이유, 장범준, 김필, 스트레이 키즈 등 후배 가수들에 의해 다시 불리며 끊임없이 재탄생되고 있다. 『찌그러져도 동그라미입니다』는 김창완이 SBS 파워FM ‘아름다운 이 아침 김창완입니다’에서 청취자들에게 답한 편지와 매일 아침 직접 쓴 오프닝을 엮었다. 손으로 그린 47개의 동그라미 중 두어 개만 그럴듯한 것처럼, 회사생활도 47일 중 이틀이 동그라면 동그란 것이라고 위로한 편지는 SNS와 블로그에 오랫동안 화제가 되었다. 돌아가신 할머니를 잊지 못해 괴로워하는 청취자에게 산울림 막내 김창익을 잃은 상실감을 고백하며 건넨 편지도 눈물겹고 따스하다. 『찌그러져도 동그라미입니다』에는 따뜻한 격려뿐 아니라 어그러진 일상에 실망할 것 없고, 매일매일 만들어지는 졸작들도 그 자체로 예쁘다는 김창완만의 인생관이 담겨 있다. 또한 어제의 슬픔과 비애를 ‘뭐, 별거냐?’ 하며 대수롭지 않게 털어버리고 오늘의 자전거 바퀴를 힘차게 굴리는 그만의 경쾌한 삶의 태도가 돋보인다. 과거의 영광이나 상처를 돌아보거나 아쉬워하지 않고 내딛는 걸음걸음에 집중하는 그의 태도는 그가 늘 현재진행형 아티스트인 이유를 보여준다. “‘거울 속의 나도 과거다.’라고 할 만큼 뒤돌아보지 말 것. 먼 미래도 어제만큼 멀지 않다는 걸 기억하길.” - 「이런 날도 있고 저런 날도 있지」에서 가르치려들지 않지만 배우고 싶고, 툭 던지는 말이지만 그 안에 온기가 가득하다. 세대를 넘나드는 뮤지션 김창완의 에세이는 진짜 어른의 목소리에 목말랐던 독자들에게 따뜻한 선물이 될 것이다."
9,무엇이 나를 행복하게 만드는가,리처드 J. 라이더,북플레저,2024년 03월 04일,인문,9.8,9791198530356,332쪽,137 * 199 * 27,한국어,['정보 없음'],"아무 걱정 없이 행복하게 웃어본 적이 언제인지 기억이 나는가? 어느 순간부터 행복과 활기를 잊고 정체된 삶을 살아가고 있다. 포브스가 선정한 TOP 5 코치에 선정된 리처드 J. 라이더의 대표작 《무엇이 나를 행복하게 만드는가》는 출간한 후 30여 년 동안 전 세계에 깊은 울림을 주었다. 이 책에서는 행복한 삶이란 무엇인지 근본적인 물음을 던진다. “무엇이 나를 행복하게 만드는가?”라고 묻는 질문에 지금 내 삶을 이루고 있는 것들을 되돌아보고, 이 모든 것이 나를 과연 행복하게 해주는지 생각하게끔 한다. 성공보다 성취를, 목적지가 아닌 과정의 중요성을 강조하며, 내면의 통찰력을 통해 더 건강한 선택을 할 수 있도록 도와준다. 바람직한 삶을 위해서 어깨를 짓누르는 인생의 짐을 덜어내고, 과감하게 버리고, 지혜롭게 나만의 인생을 소유하자. 당신은 더 나은 삶을 살 자격이 있다. 마지막까지 나의 삶을 사랑하는 사람으로 살길 바란다."
10,돈의 심리학(30만 부 기념 스페셜 에디션),모건 하우절,인플루엔셜,2023년 11월 06일 (1쇄 2021년 01월 13일),경제/경영,9.6,9791191056372,408쪽,148 * 217 * 37,한국어,"['재테크', '투자자', '페라리', '워런 버핏', '투자가이드', '장기 투자']","월스트리트저널에서 10년 넘게 금융과 투자에 대한 글을 써온 칼럼니스트이자 콜라보레이티브 펀드 파트너로 활동중인 모건 하우절의 첫 책이다. 출간 즉시 아마존 투자 분야 1위를 차지했고 개인 투자자부터 전문 컨설턴트까지 극찬 세례를 받으며 명실상부 ‘2020 아마존 최고의 금융도서’로 평가받는다. 《돈의 심리학》은 총 20개 스토리로 구성되어 있다. ‘스토리텔링의 천재’ ‘소설가의 기술을 가진 금융 작가’라는 별명답게 모건 하우절이 들려주는 20개의 투자 스토리는 대단히 매력적이다. 하나하나 실화와 실증에 바탕을 두되 이야기의 재미와 투자의 교훈을 빠짐없이 담아냈다. 제2차 세계대전 당시 독일의 탱크 부대 이야기, 마이크로소프트 창업에 관한 빌 게이츠의 고백, LA에서 주차 대행 아르바이트를 하던 시절 페라리에 얽힌 에피소드, 워런 버핏의 놀라운 수익률의 비밀까지 다양한 이야기를 흥미롭게 전개하여 읽는 이들을 단번에 사로잡는다. 또한 그 끝에는 하나같이 감탄을 부르는 탁월한 통찰을 담고 있다. 부에 관한 문제는 결국 학력, 지능, 노력과 직접적 관련이 없으며 돈에 관한 인간의 편향, 심리, 다시 말해 ‘돈의 심리학’과 밀접한 관련이 있음을 깨닫게 한다. 국내에서 30만 부 판매 돌파를 기념하여 출간하는 ‘스페셜 에디션’에는 모건 하우절이 새롭게 쓴 ‘보너스 스토리’가 수록된다. 책이 출간된 지 2년이 지난 시점에서 그가 새롭게 깨달은 ‘부의 비밀’에 대해 이야기한다. 세상이 아무리 바뀌어도 모건 하우절이 제시하는 ‘돈의 심리학’의 힘은 여전하다. 그것이 국내외 투자전문가들이 이 책을 ‘투자서의 현대판 고전’으로 앞다퉈 추천하는 이유이다. 결국 학력, 지능, 노력과 직접적 관련이 없으며 돈에 관한 인간의 편향, 심리, 다시 말해 ‘돈의 심리학’과 밀접한 관련이 있음을 깨닫게 한다."
11,나는 메트로폴리탄 미술관의 경비원입니다,패트릭 브링리,웅진지식하우스,2023년 11월 24일,시/에세이,9.4,9788901276533,360쪽,정보 없음,한국어,"['전시실', '보티첼리', '메트', '렘브란트', '뉴욕', '예술']","“나의 결혼식이 열렸어야 했던 날, 형의 장례식이 거행되었다. 그해 가을, 나는 다니던 《뉴요커》를 그만두고 메트로폴리탄 미술관의 경비원으로 지원했다. 그렇게 한동안은 고요하게 서 있고 싶었다” 뉴욕 메트로폴리탄 미술관의 경비원으로 10년, 인류의 위대한 걸작들을 가장 가까이서 지켜본 한 남자의 삶과 죽음, 인생과 예술에 대한 우아하고 지적인 회고 『나는 메트로폴리탄 미술관의 경비원입니다』는 뉴욕 메트로폴리탄 미술관에서 경비원으로 근무했던 패트릭 브링리의 독특하면서도 지적인 회고를 담은 에세이다. 가족의 죽음으로 고통 속에 웅크리고 있던 한 남자가 미술관에서 10년이라는 시간을 보내며 상실감을 극복하고 마침내 세상으로 나아갈 힘을 얻는 여정을 섬세하게 그려냈다. 선망 받는 직장에서 화려한 성공을 꿈꾸며 경력을 쌓아가던 저자는 어느 날 갑자기 찾아온 가족의 죽음을 겪게 된다. 이를 계기로 삶의 의욕을 완전히 잃은 끝에 세상에서 가장 아름다운 공간에서, 가장 단순한 일을 하며 스스로를 놓아두기로 결심한다. 그렇게 도피하듯 메트로폴리탄 미술관의 경비원이 된 브링리는 매일 다른 전시실에서 최소 여덟 시간씩 조용히 서서 경이로운 예술 작품들을 지켜보는 ‘특권’을 누리게 된다. 거장들의 혼이 담긴 그림과 조각부터 고대 이집트 건축물에 이르기까지 인류의 위대한 걸작들과 오롯이 교감하고, 푸른 제복 아래 저마다의 사연을 지닌 동료 경비원들과 연대하는 동안 서서히 삶과 죽음, 일상과 예술의 의미를 하나씩 발견해나가며 멈췄던 인생의 걸음을 다시 내딛기 시작한다. 저자의 첫 번째 저서인 이 책은 영미권 유수 언론으로부터 ‘잊을 수 없을 만큼 눈부시게 아름다운 이야기’, ‘슬픔까지도 포용하는 삶에 대한 빛나는 서사’라는 극찬을 받으며 40주 연속 아마존 베스트셀러에 올랐다. 상실의 아픔 속에서 길어 올린 삶과 예술의 의미, 그리고 다시 앞으로 나아갈 용기를 들려주는 저자의 내밀한 고백은 예기치 못한 인생의 소용돌이 앞에서 발걸음을 멈춰버린 이들, 소란한 세상에 지쳐 완벽한 고독을 꿈꾸는 이들에게 잔잔하지만 묵직한 사색의 시간을 선사한다."
12,케이크 먹고 헬스하고 영화 보면 기분이 나아질 줄 알았다,멘탈 닥터 시도(Sidow),밀리언서재,2024년 03월 20일,자기계발,10,9791191777642,206쪽,140 * 205 * 24,한국어,['정보 없음'],"당신은 스트레스가 쌓였을 때 무엇을 하면서 기분을 푸나요? 달콤한 디저트, 맛있는 음식, 여행, 운동, 수다, 게임, 상담 등 부정적인 감정, 안 좋은 기분을 떨쳐버리기 위해 저마다 무언가를 한다. 하지만 잠시 그때뿐 스트레스 상황은 달라진 것이 없고, 매일 비슷한 상황이 반복된다. 이유가 뭘까? 안 좋은 기분을 풀어보려고 이것저것 해봐도 소용없다면 방법이 잘못된 것이다. ‘무엇을 하느냐’보다 ‘어떻게 하느냐’가 더 중요하다. 익히 알려진 스트레스 해소 방법들이 왜 나에게는 효과가 없는지를 분석하고 올바른 방법을 알아본다. 내 몸과 정신을 망치지 않으면서 효과적으로 스트레스를 푸는 방법을 소개한다."
13,나를 소모하지 않는 현명한 태도에 관하여,마티아스 뇔케,퍼스트펭귄,2024년 03월 10일,자기계발,9.8,9791198682505,279쪽,128 * 191 * 22,한국어,"['심리학', '내면', '겸손', '독일', '소크라테스', '프란치스코']","더 성공해야 하고, 더 노력해야 하고, 더 욕망해야 하고, 더 보여줘야 한다는 강박이 난무하는 시대다. 그러나 모두가 자기를 내세우고 드러내느라 시끄러운 세상에서는 역설적으로 절제된 말과 행동, 고요함과 평온함이 더 절실히 그리워지고, 더 강력하게 다가오기 마련이다. 『나를 소모하지 않는 현명한 태도에 관하여』는 모든 것이 과하게 요구되고, 요란하게 소비되는 시대에 ‘더 현명한 삶의 방식’은 무엇인지를 통찰한 책이다. 독일의 언론인이자 베스트셀러 작가이며 문학과 커뮤니케이션 과학, 심리학 등을 두루 공부한 마티아스 뇔케 박사는 특유의 재치와 명쾌함이 돋이는 글쓰기로 ‘보여주기 위해 극대화하는 삶이 아닌 조용히 나를 지키는 삶’으로 독자들을 안내한다. 과도하게 애쓰며 자신의 삶을 소모하지 않아도, 조용히 자신의 존재감을 빛내며 능력을 발휘하는 사람들이 있다. “겸손이야말로 자신감을 보여줄 수 있는 가장 효과적이고 배려 깊은 태도”라고 말하는 저자는 누구나 공감하게 만드는 풍부한 사례를 통해 ‘겸손한 태도’가 발휘하는 힘을 매우 유쾌하게 펼쳐 보여준다. 현 시대의 풍경과 의미를 날카롭게 짚어내는 것은 물론 문화사적 통찰, 심리학적 측면과 관계의 기술까지 아우르며 독자들의 공감과 사색의 폭을 넓혀준다. 독일의 언론과 독자들이 극찬한 것처럼, 더 자유롭고 행복한 삶을 원한다면 마티아스 뇔케의 이 말에 귀 기울여보자. “세상이 아무리 폭풍 같아도 고요히 자기의 중심을 잃지 않는 사람. 모두 자기를 내세우느라 떠들썩한 세상에서 묵묵하게 겸손함을 선택한 사람. 이런 사람이야말로 가장 현명하고, 가장 강한 사람이다. 이런 사람은 누구도 상처 주지 않고 결국 모두를 이깁니다.”"
14,홍보의 신,김선태,21세기북스,2024년 02월 21일,경제/경영,9.9,9791171174331,220쪽,140 * 200 * 24,한국어,"['브랜', '공무원', '지자체', '결재', '수능', '촬영']","★ 충주시가 낳은 최고의 스타 충주시 홍보맨 김선태의 첫 번째 책 ★ 초고속 승진을 이뤄낸 파격 마케팅 노하우 대공개! ★ 공식 유튜브 실무자들을 위한 실질적 콘텐츠 기획 전략 요즘 충주시 유튜브가 핫하다. 이 유튜브 덕분에 충주시는 이제 많은 사람에게 친숙한 이름이 됐다. 최근에는 대통령이 충주시 유튜브 홍보를 혁신 사례로 언급해 화제가 되기도 했고, 수능에 충주시 관련 문제가 출제되기도 했다. 그런데 이 유튜브의 성공은 모두 ‘충주시 홍보맨’ 김선태 주무관 한 명의 기획에서 시작됐다. 『홍보의 신』은 충주시 홍보맨으로 잘 알려진 김선태 주무관이 시장님이 ‘시켜서’ 시작한 유튜브를 성공시키기까지의 경험을 바탕으로 깨달은 홍보의 핵심과 브랜딩 방법을 알려주는 책이다. ‘공무원 관짝 밈’, ‘홍보맨 슬릭백’ 등 큰 화제가 된 영상이 탄생한 과정과 그 속에 녹아 있는 홍보 전략을 이야기한다. 또한 기획부터 촬영, 출연, 편집까지 혼자 맡게 되면서 마주하는 실질적인 어려움과 이를 헤쳐 나가는 파격적이고 진솔한 경험이 담겨 있다. 이 책을 통해 근본 없지만 핵심을 꿰뚫는 충주시 홍보맨만의 홍보 비밀을 알 수 있을 것이다."
15,과학혁명의 구조,토머스 S. 쿤,까치,2013년 09월 10일,과학,9.5,9788972915546,360쪽,150 * 225 * 30,한국어,"['이언', '혁명', '홍성욱', '과학이론', '푸코', '패러다임']",『과학혁명의 구조』는 현대 물질문명을 받쳐주고 있는 과학의 본질적 성격을 파헤치고 있어 현대 지식인들이 꼭 읽어야 할 고전이다. 《과학혁명의 구조》(1962)의 출간 50주년을 기념하여 출간된 이 책에서는 저명한 분석 철학자이자 토머스 쿤의 패러다임 이론을 푸코의 사회과학 이론에 접목시켰다는 평가를 받는 과학철학자 이언 해킹이 쓴 서론이 추가되었으며 서울대학교 홍성욱 교수가 공역자로 참여한 새로운 번역판이다. 『과학혁명의 구조』는 서구 지식사회에 미친 방대한 영향을 정리하고 '과학'의 진보가 이룩되는 과정을 체계적으로 요약한다. 쿤에 의해서 제시된 패러다임과 공약불가능성 같은 개념을 명확히 하여 쿤의 아이디어가 오늘날 과학에 어떤 타당성을 가지는지 검토하고 있다.
16,어차피 남들은 나에게 관심이 없다,강산,알토북스,2024년 04월 01일,인문,8.5,9791198621405,240쪽,147 * 215 * 20,한국어,['정보 없음'],"이 책은 각박한 사회와 인간관계에 질린 사람들을 위해 쇼펜하우어 철학의 지혜와 실전 활용 노하우를 담았다. 2018년 대한민국 미르인 예술대전에서 입상하고 개인전을 수차례 개최한 화가이자 인기 강사로 활약 중인 저자 강산은 쇼펜하우어를 만나 그 누구보다 기나긴 삶의 질곡을 견뎌내고 꿈을 이룰 수 있었다. 그녀는 태어나자마자 생모에 의해 보육원에 버려졌다. 삶의 시작부터 ‘환영받지 못한 출생’이었다고 스스로 고백한다. 3살이 되던 무렵에는 다시 집으로 돌아갈 수 있었지만 그녀를 탐탁지 않아 하는 친척들의 차가운 시선 속에서 어린 소녀의 삶은 결코 녹록치 않았다. 성인이 되어서도 세 아이를 키워가며 19년 동안의 직장생활을 하면서 겪은 차별과 갑질은 그녀를 공황장애로 몰아넣었다. 삶의 고통에 허우적거리던 그녀를 깊은 지혜의 바다로 이끌어 다시 인생의 주인공으로 곧추세운 것은 다름 아닌 쇼펜하우어의 철학이었다. 그리고 그녀는 자신이 이해한 쇼펜하우어를 지금 인간관계 때문에 힘들어하고, 사는 게 고달프기만 한 사람들에게 알려야 한다는 사명감으로 이 책의 집필에 나섰다. 쇼펜하우어는 인생이 고통이라면 삶의 기준을 타인이 아닌 자신에게로 옮겨 진짜 행복을 위한 고통을 겪으라고 말했다. 어차피 타인은 나에게 관심이 없다. 자기 자신으로 행복하라. 오늘 하루 힘들었던 인간관계 때문에 마음속으로 몰아치는 감정의 파도에 힘겨운 시간을 보내고 있다면 이 책을 펼쳐 들고 쇼펜하우어의 지혜 속에서 더 나은 삶과 화해의 악수를 나눠 보자."
17,마흔에 읽는 쇼펜하우어,강용수,유노북스,2023년 09월 07일,인문,9.5,9791192300818,232쪽,140 * 210,한국어,"['고통', '인생', '무게 중심', '시계추', '피히테', '신드롬']","2023년 8월 유노북스에서 펴낸 《마흔에 읽는 쇼펜하우어》가 전 서점 종합 베스트셀러 1위에 올랐다. 철학 교양서로는 최초라는 점에서 기념비적이다. ‘마흔’, ‘오십’, ‘서른’ 등 연령을 키워드로 한 인문 교양 도서들이 휩쓸고 있다. 많은 사람이 나이들며 겪는 환경과 감정에 현명하게 대처하기 위한 지혜를 책에서 찾고, ‘어떻게 살아야 하는가’에 대한 고민을 철학과 함께 풀고 있다. 특히 《마흔에 읽는 쇼펜하우어》가 일으킨 ‘쇼펜하우어 신드롬’은 사람들이 공감하는 생각과 말이라면 시대와 상관없이 통한다는 것을 증명한다. 더 반가운 점은 독서의 즐거움을 아는 40대와 50대가 개인의 독서를 넘어 SNS, 유튜브에 글귀와 자기 생각을 공유한다는 것이다. 그리고 이 독서 경험이 20대와 30대, 60대와 70대의 다른 세대로까지 확장되고 있다. 이 중심에 《마흔에 읽는 쇼펜하우어》가 있다. 현재 고려대학교 철학연구소 연구원으로 동 대학에서 강의를 하고 있는 강용수는 쇼펜하우어의 지혜들을 가장 정확히 해석하고 가장 탁월하게 40대의 삶과 연결해 《마흔에 읽는 쇼펜하우어》에 담아냈다. 책에서 쇼펜하우어의 40대 이야기와 주옥같은 말들을 만날 수 있다. “산다는 것은 괴로운 것이다”, “오늘은 단 한 번뿐이다”, “우리의 모든 불행은 혼자 있을 수 없어서 생긴다” 등의 명언을 남긴 아르투어 쇼펜하우어는 인생이 고통이라면 삶의 기준을 타인에게서 자신으로 옮기는 ‘진짜 행복’을 위한 고통을 겪으라고 말했다. 이를 통해 우리는 새로운 것을 발견할 수 있다. 바로 자기 자신을 긍정하는 마음, 타인에게 비굴하지 않는 당당함, 스스로의 힘으로 살 수 있는 품격이다. 가장 열정적으로 살아가는 인생의 황금기이자 ‘인생은 고통’이라는 인식에 다다르는 마흔, 또는 마흔을 앞두었거나 되돌아보는 나이라면 쇼펜하우어를 만나 보라. 인생의 고민들을 떨치고 마음을 다스리는 통찰력과 행복의 열쇠를 손에 쥘 수 있을 것이다."
18,ETS 토익 정기시험 기출문제집 1000 Vol 4 RC(리딩),ETS,YBM,2023년 12월 18일,외국어,9.9,9788917239508,168쪽,209 * 281 * 28,한국어,"['환산표', '해당 회차', '정답', '해설 강의', '모바일', '출제 기관']","1. 실제 기출문제 전격 공개! 이 책에는 정기시험 최신 기출문제 10세트가 수록되어 있다. 시험에 나온 최신 기출문제로 실전 감각을 키워 시험에 확실하게 대비하자! 2. 고난도 문항 무료 동영상 강의! 교재 내 QR코드는 해당 회차의 무료 동영상 강의로 연결된다. 오답률 높은 고난도 문항을 친절한 해설 강의와 함께 완벽 마스터하자! 3. 기출 포인트를 꿰뚫는 해설! 최신 출제경향을 가장 정확하게 알 수 있는 기출문제를 풀고 출제 포인트가 보이는 명쾌한 해설로 토익을 정복해 보자! 4 ETS가 제공하는 표준 점수환산표 출제기관 ETS의 최신 표준 점수환산표를 제공한다. 채점한 뒤 환산표를 통해 자신의 진짜 실력을 가늠해 보고 앞으로의 학습 방향을 설정해 보자! 5. ETS 토익 온라인/모바일 학습 지원! 온라인 학습 커뮤니티(www.etstoeicbook.co.kr)를 통해 교재 소개 및 학습 콘텐츠, 정기시험 대비특강을 지원한다. 또한 동영상 강의, 기출어휘 단어장, 기출테스트 채점/분석 등을 지원하는 토익 필수템 'ETS 토익기출 수험서 어플'로 보다 스마트하게 학습해 보자!"
19,별의 커비 푸푸푸 히어로 3: 푸푸푸랜드 최대의 사건!,아오키 케이,다산어린이,2024년 03월 29일,어린이(초등),10,9791130650937,168쪽,131 * 183 * 13,한국어,['정보 없음'],"언제나 평화로울 것만 같던 푸푸푸랜드가 대혼란의 소용돌이에 휘말렸어요! 정체를 알 수 없는 털실술사가 나타나 커비와 친구들을 털실로 만들어 버렸답니다. 털실뭉치를 마음껏 먹을 수 있다는 기쁨도 잠시, 커비는 온통 털실로 변한 푸푸푸랜드를 구할 수 있을까요? 한편, 믿었던 메타 나이트는 하늘을 나는 전함 할버드로 푸푸푸랜드를 제압하려고 해요. 사실 메타 나이트가 이런 일을 벌인 진짜 이유는 따로 있습니다. 커비와 친구들은 힘을 모아 다시 평화로운 푸푸푸랜드로 되돌릴 수 있을까요? 다 함께 푸푸푸랜드로 모험을 떠나요!"
20,ETS 토익 정기시험 기출문제집 1000 Vol 4 LC(리스닝),ETS,YBM,2023년 12월 18일,외국어,10,9788917239492,168쪽,210 * 281 * 24,한국어,"['환산표', '해당 회차', '정답', '닷컴', '해설 강의', '모바일']","1. 실제 기출문제 전격 공개! 이 책에는 정기시험 최신 기출문제 10세트가 수록되어 있다. 시험에 나온 기출문제로 실전 감각을 키워 시험에 확실하게 대비하자! 2. 실제 정기시험 성우 음성으로 실전 대비! 이 책에 수록된 10세트의 LC 음원은 모두 정기시험 성우의 음원이다. 시험장에서 듣게 될 음성으로 공부하면 까다로운 영국식, 호주식 발음도 걱정 없다. 또한 강도 높은 학습을 위해 고속 버전과 소음 버전을 추가로 제공하며, YBM북스닷컴 출판 홈페이지 www.ybmbooks.com에서 무료로 다운로드 가능하다. 3 고난도 문항 무료 동영상 강의! 교재 내 QR코드는 해당 회차의 무료 동영상 강의로 연결된다. 오답률 높은 고난도 문항을 친절한 해설 강의와 함께 완벽 마스터하자! 4. 정확한 스크립트와 기출 포인트를 꿰뚫는 해설! 최신 출제경향을 가장 정확하게 알 수 있는 기출문제를 풀고 정확한 스크립트와 출제 포인트가 보이는 명쾌한 해설로 토익을 정복해 보자! 5. ETS가 제공하는 표준 점수환산표 출제기관 ETS의 최신 표준 점수환산표를 제공한다. 채점한 뒤 환산표를 통해 자신의 진짜 실력을 가늠해 보고 앞으로의 학습 방향을 설정해 보자! 6. ETS 토익 온라인/모바일 학습 지원! 온라인 학습 커뮤니티(www.etstoeicbook.co.kr)를 통해 교재 소개 및 학습 콘텐츠, 정기시험 대비특강을 지원한다. 또한 MP3 및 동영상 강의, 기출어휘 단어장, 기출테스트 채점/분석 등을 지원하는 토익 필수템 'ETS 토익기출 수험서 어플'로 보다 스마트하게 학습해 보자!"
21,요즘 역사: 근대,황현필,역바연,2024년 03월 26일,역사/문화,9.4,9791198593276,280쪽,145 * 210 * 26,한국어,['정보 없음'],"우리가 역사를 배워야 하는 이유는 과거를 공부하고 이를 교훈으로 삼아 우리가 앞으로 나아갈 현재와 미래의 방향을 올바르게 설정하기 위함이다. 그러기에 역사를 시대적 상황에 따라 잘 이해하고 해석할 수 있어야 한다. 그래야 우리 역사는 한층 진일보할 수 있다. 그러나 요즘, 사람들은 역사를 가까이하지 않는다. 우리의 역사를 깊게 들여다보지 않고 냉소적이고 비뚤어진 시선으로만 바라본다. 그렇게 요즘 역사는 왜곡으로 뒤덮여 점점 우리에게서 멀어지고 있다. 저자 황현필은 근현대사야말로 요즘 우리가 반드시 알아야 할, 우리에게 가장 가까운 ‘요즘 역사’라고 말한다. 『요즘 역사』 근대 편은 흥선대원군이 집권을 시작한 1863년부터 1910년 대한제국이 국권을 박탈당하는 경술국치까지의 역사를 읽기 쉽고 재밌게 풀어 썼다. 그리고 왜 요즘 역사는 복잡하고 시끄러울 수밖에 없는지 황현필의 시선으로 말했다. 당신에게 가장 가까운 역사인 요즘 역사를 알고 싶다면, 이 책을 읽어 보라. 요즘 역사를 통해 삶에 대한 올바른 방향을 설정할 수 있을 것이다."
22,삶을 견디는 기쁨,헤르만 헤세,문예춘추사,2024년 02월 28일,시/에세이,9.5,9788976046529,336쪽,127 * 189 * 24,한국어,"['노벨 문학상', '병상 일기', '등대', '기차 여행', '정신병', '두려움 극복']","고향, 자연, 예술에 대한 뜨거운 고백을 담은 헤르만 헤세의 에세이집 《그리움이 나를 밀고 간다》에 이어 이번에는 그의 외로움과 고통을 예술로 승화한 《삶을 견디는 기쁨》이 필사 노트와 함께 출간되었다. 필사 노트에서는 독자가 사랑한 헤세의 문장들을 만나볼 수 있다. 저마다의 이유들로 힘든 시기를 보내는 우리에게 헤세가 건네는 경이롭고 다정한 문장들은 삶을 견디는 기쁨이 되어 줄 것이다. 헤세는 1946년, 노벨문학상과 괴테상을 동시에 수상하는 등 작가로서 눈부신 영광을 얻었다. 그러나 조국 독일에 대항해서 반전 운동을 펼치면서 같은 독일인들에게 온갖 비난을 당하기도 했다. 개인적인 면에서는 아내는 정신병을 앓았고 헤세 자신도 예민한 감수성 탓에 어렸을 때부터 자살 충동에 시달리는 등, 힘겨운 일생을 보냈다. 그럼에도 불구하고 헤세는 어떤 고난에도 굴하지 않고 아이처럼 순수한 마음으로 세상을 보고, 고통을 느끼며, 행복을 맛보았다. 또한 자신의 경험을 수필, 동화, 시 등 다양한 장르의 글과 그림으로 옮겨 두기도 했다. 그의 작품들은 오늘날에도 우리들에게 기쁨을 주고 있다. 심리학자 칼 구스타프 융은 그의 글을 가리켜 ‘폭풍이 이는 밤을 비추는 등대의 불빛’이라 칭송하였다. 그 말대로 온갖 고난과 우울 속에서도 희망과 깨달음이 번뜩이는 헤세의 글들은 우리에게 인생을 비추는 등대가 되어 준다. 이 책을 읽는 동안, 독자들은 삶 그 자체를 긍정하는 실존의 경이로움을 체험할 것이다."
23,위풍당당 여우 꼬리 5: 별빛 가득 기적의 무대,손원평,창비,2024년 03월 29일,어린이(초등),10,9788936448608,160쪽,147 * 203 * 15,한국어,['정보 없음'],"‘나 자신을 있는 그대로 사랑하도록 일깨우는 이야기’로 독자들의 뜨거운 사랑을 받는 베스트셀러 ‘위풍당당 여우 꼬리’ 시리즈가 다섯 번째 이야기로 돌아왔다. 평범한 초등학생 같지만, 실은 몸속에 구미호의 피가 흐르는 주인공 손단미는 미래초등학교 5학년 친구들과 함께 연극 「로미오와 줄리엣」을 준비한다. 하지만 공연 연습은 시작하자마자 불협화음으로 삐걱대고, 불편한 존재 도래아는 자꾸만 곁을 맴돌며 단미를 자극하는데……. 단미는 우당탕탕 위기의 연속인 공연 준비를 무사히 마치고, 무대 위의 별로 활약할 수 있을까? 그리고 갈수록 더 수상쩍어지는 래아로부터 여우 구슬을 무사히 지켜 낼 수 있을까? 나만의 ‘멋’을 찾고 싶은 독자들에게 설렘과 감동을 안겨 줄 이야기가 펼쳐진다."
24,타키 포오 얼렁뚱땅 상식스쿨 3,캐릭온TV,대원키즈,2024년 03월 28일,어린이(초등),10,9791172036669,144쪽,156 * 218 * 15,한국어,['정보 없음'],얼렁뚱땅 상싱스쿨 3번째 이야기! 재미와 상식이 한 권에! 상식스쿨로 GO GO! 유튜브 238만 구독자에게 사랑 받는 최고의 인기 크리에이터 〈캐릭온 TV〉의 초등 상식 학습 스토리북 3번째 이야기!
25,이처럼 사소한 것들,클레어 키건,다산책방,2023년 11월 27일,소설,9.7,9791130646381,131쪽,139 * 200 * 20,한국어,"['수녀원', '세탁소', '막달레나', '크리스마스', '석탄', '최종 후보']","* 문학평론가 신형철, 르포작가 은유 추천 * 2022 오웰상 소설 부문 수상 * 킬리언 머피 주연·제작 영화화 2023년 4월 국내에 처음 소개된 『맡겨진 소녀』로 국내 문인들과 문학 독자들의 열렬한 환호를 받은 클레어 키건의 대표작 『이처럼 사소한 것들』이 다산책방에서 번역 출간되었다. 작가가 전작 『맡겨진 소녀』 이후 11년 만에 세상에 내놓은 소설로, 자국에서는 이미 오래전부터 거장의 반열에 오른 키건에게 미국을 넘어 세계적인 명성을 안겨준 작품이다. 2022년 부커상 최종후보에 오르고, 같은 해 오웰상(소설 부문), 케리그룹 문학상 등 유수의 문학상을 휩쓸었으며, 특히 부커상 심사위원회는 “아름답고 명료하며 실리적인 소설”이라는 평을 보내며 이 소설이 키건의 정수가 담긴 작품임을 알렸다. 전 세계 독자들의 사랑과 언론의 호평을 받으며 베스트셀러에 오른 이 책은, 자신이 속한 사회 공동체의 은밀한 공모를 발견하고 자칫 모든 걸 잃을 수 있는 선택 앞에서 고뇌하는 한 남자의 내면을 그린 작품이다. 키건 특유의 섬세한 관찰과 정교한 문체로 한 인간의 도덕적 동요와 내적 갈등, 실존적 고민을 치밀하게 담아냈다. 저자의 열렬한 팬으로 유명한 아일랜드 출신의 배우 킬리언 머피는 직접 제작과 주연을 맡아 이 소설을 영화로 만들고 있으며 현재 모든 촬영을 마친 상태이다."
26,예약판매 가라오케 가자!,와야마 야마,문학동네,2022년 04월 14일,만화,10,9788954685696,정보 없음,정보 없음,한국어,"['합창', '성장만화', '슬럼프', '야쿠자', '코믹스', '여학교']","독설 노래 선생 사토미 X 꼴불견 가성의 쿄지, 회심의 한 곡을 위한 설레는 의기투합! 『가라오케 가자!』 .야쿠자 쿄지는 최근 고민이 깊다. 몸담고 있는 조직의 두목이 여는 공포의 노래 대회 때문. 가장 낮은 점수를 받은 조직원은 두목에게 끔찍한 ‘벌칙’을 당하게 된다. 그런 쿄지는 어느 날 우연히 들른 합창 대회장에서 아름다운 노랫소리를 듣고 목소리의 주인공을 찾아간다. 중학교 3학년 사토미도 최근 고민이 깊다. 최근 들어 뜻대로 나오지 않는 목소리 때문에 합창부 부장으로서 슬럼프가 온 것. 우울에 빠져 있던 사토미는 다짜고짜 노래 선생님이 되어 달라는 야쿠자가 귀찮기만 하다. 아무리 독설을 날려도 지치지 않고 찾아오는 쿄지에게 점점 묘한 감정을 느끼는 사토미. 쿄지와 함께 있으면 슬럼프도 조금 잊히는 듯한데… 어느 날 갑자기 노래 선생님이 된 중학생 사토미와 노래를 잘하고 싶은 서른아홉 살 야쿠자 쿄지. 두 사람의 기묘한 우정 이야기!"
27,열혈강호 90,전극진,대원씨아이,2024년 03월 19일,만화,10,9791172033491,200쪽,129 * 190 * 15,한국어,['정보 없음'],정보 없음
28,지적인 어른을 위한 최소한의 교양수업,사이토 다카시,더퀘스트,2024년 03월 20일,인문,10,9791140708987,268쪽,131 * 199 * 22,한국어,['정보 없음'],"세기의 오피니언 리더들에겐 공통적으로 교양이라는 무기가 있었다. 테슬라 CEO 일론 머스크는 줄곧 과학소설을 탐독했고 스티브 잡스는 ‘철학자 소크라테스와 대화할 수 있다면 애플의 모든 기술을 주겠다’고 했다. 더 과거를 살피면 윈스턴 처칠은 문제아였지만 세계사에 박식했고 세종대왕은 음악예술에 뛰어났다. 교양으로부터 남다른 탁월함이 태어나는 이유는, 분야를 망라한 지식이 서로 연결되어 창의성을 자극하고 수준 높은 문화에 대한 조예가 사람의 품위와 판단력을 결정하기 때문이다. ‘교양 붐’이라 할 정도로 현재 하버드대학교 역사수업 강의실에 학생들이 빽빽이 들어차고, 도쿄대가 아예 입학 후 2년을 교양학부로 정한 것도 그러한 맥락이다. ‘지혜(知)의 거인’이라 불리는 메이지대학 문학부 교수 사이토 다카시는 그런 교양을 누구라도 쉽게 익히길 바라며 이 책을 집필했다. 세상의 많은 지식 중에서도 꼭 알아두었으면 하는 교양, 세월이 아무리 흘러도 빛바래지 않는 불변적인 필수 교양을 엄선하여 한 권에 담은 것이 《지적인 어른을 위한 최소한의 교양수업》이다. “문장 하나도 낭비가 없는 책”이라는 아마존 독자평처럼, 자본주의와 공산주의, 사르트르와 하이데거의 철학을 정말 쉬운 표현으로 쓰면서도 그 안에 정확성과 깊이가 알알이 채워져 있다. 덕분에 중요한 개념들이 깔끔하게 정리된다. 하지만 백과사전식 상식의 나열과는 달리 돈과 자본, 종교, 철학, 역사, 예술을 축 삼아 단편적으로 흩어졌던 지식들이 독자의 내면에서 하나의 흐름으로 꿰어지는 놀라운 체험을 하게 될 것이다. “중요한 건 경제이지 철학이나 사상, 예술 등은 필요 없다는 사람이 있을지도 모릅니다. 하지만 저는 단지 경제만으로 살 수 없다고 생각합니다. 사람의 일생이란 그보다 넓게 펼쳐져 있는 것이기 때문입니다. 그러므로 이 책이 여러분에게 가능한 한 폭넓은 교양을 선물하길 바라며, 교양 중에서도 중요한 다섯 개의 테마를 선정해 그 에센스를 한 권에 응축했습니다.”(한국어판 특별서문 중에서) 무려 1,000만 판매부수를 기록한 저자가 그중에서도 이 책에 각별한 마음을 내비치며 한국어판 특별서문을 보내왔다. 책에는 일본 최고 다독가로도 알려진 그가 고르고 고른 추천도서들이 실려 있으며, 러시아-우크라이나 전쟁이나 일본의 평화헌법 등 현실의 국제정세에 적용할 수 있는 키포인트까지 담겼다. 미용실이나 병원에서 대기하는 시간에, 혹은 스마트폰을 보는 것도 지겨울 때 가볍게 펼쳐 볼 수 있는 한 권이지만 당신이 만나고 있는 것은 인류가 몇천 년간 쌓아온 지혜의 정수다."
29,깨진 틈이 있어야 그 사이로 빛이 들어온다,프리드리히 니체,페이지2북스,2024년 03월 11일,인문,9.8,9791169850681,672쪽,127 * 188 * 41,한국어,"['철학자 니체', '영원회귀', '초인', '은둔자', '감람산', '등불']","“나는 니체에게 행복의 비결을 배웠다.”_알랭 드 보통 철학자들의 철학자로 불리는 니체는 자신을 지키기 위해 고독을 선택했고, 깊은 사색으로 인생의 의미를 찾아내기 위해 애썼다. 이러한 이러한 니체의 태도가 담긴 책이 바로 『깨진 틈이 있어야 그 사이로 빛이 들어온다(원제: 차라투스트라는 이렇게 말했다)』이다. 이 책에서 니체는 자신의 분신이자 주인공인 차라투스트라를 통해 여러 메시지를 전한다. 그중에서도 지금 시대에 가장 울림이 깊은 메시지는 아마 “사람을 싫어해도 괜찮다”일 것이다. 적당한 거리두기도 아니고 ‘싫어해도 괜찮다’는 말에 거부감을 느끼는 이도 있을 것이지만, 니체는 누군가와 잘 지내기 위해 자신의 자아를 무시하고 방치해 결국 자신을 잃어버리는 사람들에게 경종을 울리고자 이 말을 남겼다. 모두에게 사랑받는 사람이 되기 위해 괴로워하는 것보다 남 없이도 살아갈 수 있는 충만한 개인의 삶을 살아가라고 말이다. “나는 짐승들 사이보다 인간들 사이에 있는 것이 더 위험하다는 사실을 알게 되었다.”, “진정한 고독은 혼자일 때가 아닌, 둘이 있어도 외로울 때 찾아온다.”, “흙발로 들어오는 사람과 사귀지 마라.” 등 책 속 차라투스트라의 외침은 100년이 지난 지금에도 인간관계로 고민하는 많은 사람의 공감을 얻고 있다. 내가 혼자서도 잘 살아갈 수 있는 세상에서 남과도 함께 행복해질 수 있다고 믿는 지금의 세대에게 니체의 말은 시의적절한 삶의 메시지를 전하고 있다. 니체 스스로 자신이 인류에게 보낸 가장 위대한 선물이라고 칭한 이 책을 통해 나와 세상의 적정거리를 찾는 방법을 발견하게 될 것이다."
30,세이노의 가르침,세이노(SayNo),데이원,2023년 03월 02일,자기계발,9.3,9791168473690,735쪽,152 * 225,한국어,"['재테크', '부자', '주식투자', '이노', '이코', '신동아']","2000년부터 발표된 그의 주옥같은 글들. 독자들이 자발적으로 만든 제본서는 물론, 전자책과 앱까지 나왔던 《세이노의 가르침》이 드디어 전국 서점에서 독자들을 마주한다. 여러 판본을 모으고 저자의 확인을 거쳐 최근 생각을 추가로 수록하였다. 정식 출간본에만 추가로 수록된 글들은 목차와 본문에 별도 표시하였다. 더 많은 사람이 이 책을 보고 힘을 얻길 바라기에 인세도 안 받는 저자의 마음을 담아, 700쪽이 넘는 분량에도 7천 원 안팎에 책을 구매할 수 있도록 했다. 정식 출간 전자책 또한 무료로 선보인다. *필명 ‘세이노(Say No)’는 당신이 믿고 있는 것들에 ‘No!’를 외치고 제대로 살아가라는 뜻이다. 세이노는 지난 20여 년간 여러 칼럼을 통해 인생 선배로서 부와 성공에 대한 지혜와 함께 삶에 대한 체험적 지식을 나누어 주었다. 그래서 그의 글을 좋아하는 사람들은 그를 ‘세이노 스승님’이라 부른다."
31,당신은 결국 무엇이든 해내는 사람(10만 부 기념 특별 리커버 에디션),김상현,필름(Feelm),2022년 04월 20일,시/에세이,9.7,9791188469994,208쪽,120 * 188 * 22,한국어,"['위로', '한국에세이', '불안', '응원', '그해 가을', '결국 중요']","『내가 죽으면 장례식에 누가 와줄까』를 통해 수많은 독자의 사랑을 받은 김상현 작가의 신작 『당신은 결국 무엇이든 해내는 사람』이 10만 부라는 놀라운 기록을 보여주며 에세이 베스트셀러 1위, 카카오톡 선물하기 1위를 기록하는 등 많은 이들에게 큰 사랑을 받고 있다. 이 책은 힘든 시기, 제목만으로도 큰 위로와 응원을 받은 것 같다며, 작가의 솔직하고 따뜻한 문장을 통해 자신을 믿고 나아갈 수 있는 동기부여와 용기를 얻었다고 말하는 독자들이 많았다. 이에 10만 부 기념 특별 리커버 에디션을 준비했다. 이번 에디션이 특별한 건, 바로 이 책의 주인공인 OO의 ‘이름’이 적힌 순간, 세상에 단 하나뿐인 책으로 완성된다는 점이다. 당신의 이름, 혹은 응원을 보내고 싶은 소중한 사람의 이름을 책 표지의 ‘밑줄’에 적어 선물해보자. 결국 우리는 무엇이든 해낼 수 있는 사람이니까. 흔들리고 떠밀리고 넘어져도 나는, 당신은, 우리는 결국 해낼 것이라는 믿음의 문장들 『내가 죽으면 장례식에 누가 와줄까』를 통해 인간관계와 행복에 대해 따뜻한 시선과 위로의 문장을 전한 김상현 작가는 신작 『당신은 결국 무엇이든 해내는 사람』을 통해 더 나아가 나 자신을 제대로 바라볼 수 있는 힘을, 수많은 시행착오에도 불구하고 우리는 무엇이든 이루어낼 수 있는 사람임을, 희망과 믿음의 문장들로 담아냈다. 1장 ‘삶에 아무것도 남지 않은 것만 같을 때’에서는 좌절하고 무기력해지는 불안한 날들 속에서도 결국 나만의 속도를 찾아가는 과정을 담고 있으며, 2장 ‘불안하지 않다면 어떠한 고민도 없다는 거니까’에서는 불안하다는 것은 결국 지금보다 더 나은 방향으로 나아가고자 것임을 긍정적인 다짐과 자세를 통해 이야기하고 있다. 마지막으로 3장 ‘무엇이 되더라도 무엇을 하더라도’에서는 그 어떤 길이라도 멈춰있지만 않으면 언젠가는 반드시 원하는 목적지에 도착할 것이라는 위로와 함께 결국 우리는 무엇이든 해낼 수 있는 사람이라는 희망을 전하고 있다. 삶에 아무 것도 남지 않은 것만 같을 때, 무엇을 해야 할지 알 수 없어 막막할 때, 이 책이 당신을 한 걸음 더 나아가게 하는 희망의 메시지가 되어 줄 것이다."
32,예약판매 비트코인 폭발적 상승에 올라타라,강환국,거인의정원,2024년 04월 01일,경제/경영,9,9791193869024,332쪽,152 * 225 * 19,한국어,['정보 없음'],"요리할 때 레시피를 따라하는 이유는 실패 없는 요리를 하기 위해서다. 투자에도 검증된 투자 레시피가 존재한다. 바로 감정 개입을 차단하여 객관적이고, 백테스트를 통해 검증이 가능한 투자 레시피다. 이 책에서는 반감기, 가격의 추세, 계절성 지표로 계량화하여 완성한 (퀀트)투자 레시피를 소개한다. 이 책의 가장 큰 특징은 백테스트에 기반하여 검증된 전략을 구체적으로 제공한다는 것이다. ‘언제 매수하는 게 좋을까?’라는 질문에는 ‘최고점 대비 하락이 6개월 이상 지속될 때, 최저점 대비 2배 오를 때’라고 구체적으로 알려주는 식이다. 이어 2024년 4차 반감기를 이용해 수익을 극대화할 수 있는 실전 투자 전략을 중장기, 단기로 나누어 제시하고, 리스크를 관리하는 방법과 투자로 돈 버는 것을 가로막는 다양한 심리기제와 그 대응책까지 알려준다."
33,삼체 1: 삼체문제,류츠신,자음과모음,2022년 02월 15일 (1쇄 2020년 07월 06일),소설,10,9788954442695,452쪽,154 * 214 * 30,한국어,"['우주', '외계 문명', '예원', '인류', '문화 대혁명', '홍안']","◆ 2024년 3월 21일, 넷플릭스 8부작 방영! ◆ 〈왕좌의 게임〉 제작진이 만든 새로운 대작 세 개 태양이 불타는 켄타우루스 알파성 삼중성계 삼체 문명의 항성급 함대가 지구를 향해 출발한다 “인류가 이 전쟁에서 승리하는 것은 불가능하다. 너희는 벌레다!” SF의 신화가 된 류츠신『삼체』 정수를 선보일 것이다."
34,"꽃길이 따로 있나, 내 삶이 꽃인 것을",오평선,포레스트북스,2024년 03월 22일,시/에세이,10,9791193506394,216쪽,131 * 204 * 18,한국어,['정보 없음'],"나이 듦에 대한 새로운 시각과 농익은 지혜가 가득 담긴 이 책은 인생 후반기에 접어든 이들에게 진한 위로를 전하며 ‘중년들의 인생 에세이’로 자리매김하였다. 이후 후속작을 기다리는 독자들의 열띤 성원에 힘입어 2년 만에 출간된 신작 《꽃길이 따로 있나, 내 삶이 꽃인 것을》은 우리에게 더 깊어진 이야기를 전한다. 나이의 무게가 가장 무겁게 느껴지는 인생의 중턱. 때론 내가 인생을 잘못 산 것일까 후회가 밀려오고, 앞을 바라보면 나아갈 날의 끝이 어디쯤인지 몰라 까마득한 시기다. 이 나이쯤이면 단단해질 줄 알았는데, 여전히 삶은 불안하고 공허하고 흔들린다. 그 어느 때보다 진심 어린 응원이 필요한 시기를 넘어가는 이들에게, 이 책은 어깨를 짓누르는 삶의 무게를 털어줄 위로와 응원 그리고 행복한 인생 2막을 열어줄 지혜를 65개의 글로 전한다. 또한, 시간이 흐를수록 더 사랑받는 40여 점의 명화와 쇼펜하우어, 니체, 소크라테스 등 인생 선배들의 격언까지 글 중간중간에 수록되어 메시지와 감동을 풍성하게 더한다. 지금껏 가족을 위해 행복을 뒤로 미루며 살아온 부모님에게, 세상의 기준에 맞추며 사느라 내 삶을 뒤로 미뤘던 나에게 이 책을 선물하자. 책 속의 문장들이 외롭고 지친 날 기댈 수 있는 든든한 쉼터가 되어줄 것이다."
35,디 에센셜: 프란츠 카프카(교보문고 특별판),프란츠 카프카,민음사,2024년 03월 15일,소설,9.8,9788937456398,772쪽,136 * 195 * 46,한국어,['정보 없음'],"“친애하는 막스, 마지막 부탁이네. 내 유품에서 일기, 원고, 편지, 다른 사람이 가진 것, 내가 가진 것, 스케치 등 발견되는 것은 읽지 말고 남김없이 불태워 줘.” -프란츠 카프카 당신이 지금 만나야 할 프란츠 카프카, 미완성 유작×단편 소설×편지를 한 권으로 읽는다! 민음사와 교보문고가 함께 기획한 ‘디 에센셜’ 시리즈는 세계적인 작가의 대표 소설과 에세이를 한 권에 담아, 이 책을 읽은 독자 누구든 단 한 문장으로 작가의 특징을 정의할 수 있도록 큐레이션 한 시리즈다. 조지 오웰, 버지니아 울프, 다자이 오사무, 어니스트 헤밍웨이, 헤르만 헤세, 김수영, 알베르 카뮈, F. 스콧 피츠제럴드에 이어 소개하는 아홉 번째 작가는 올해로 서거 100주년을 맞이하는 우리 시대 불멸의 작가 프란츠 카프카다. 『디 에센셜 프란츠 카프카』에서는 ‘아메리카’로도 알려진 카프카의 미완성 유작 장편 『실종자』와 실종자의 결말을 예견케 하는 미완성 단편 세 편, 지난해 출간해 돌풍을 일으킨 카프카 단편선 『돌연한 출발』에 수록되지 않은 스물세 편의 단편들, ‘또 다른 카프카 문학’이라 여겨지는, 카프카가 연인, 친구 가족 등에게 보낸 편지들이 담겼다. 특히 이번에 수록한 미완성 유작 장편 『실종자』는 카프카의 ‘모험관’을 엿볼 수 있다는 점에서 귀한 작품이며, 세 편의 미완성 단편들은 『실종자』의 결말을 유추하는 데 중요한 역할을 한다는 점에서 의의가 크다. 아울러 카프카의 ‘또 다른 작품’으로 인정받고 있는 편지들을 수록하여 ‘카프카에스크’*의 유일무이한 세계와 문학에 대한 작가의 열망을 체감할 수 있도록 구성하였다. * 독일의 문예 용어 사전에도 등재된 ‘카프카에스크(kafkaesque)’라는 형용사는 거처할 곳 없음, 실존적 상실, 관료주의와 고문, 비인간화, 부조리성이 징후로 보이는 세계를 나타내는 공식 같은 어휘가 되었다. 프란츠 카프카(Franz Kafka, 1883~1924)는 체코 프라하에서, 자수성가한 강건한 체질의 아버지와 경건한 율법학자, 의사, 섬약한 독신자들이 많은 유복한 가정 출신인 어머니 사이에서 태어나 거의 평생을 프라하에서 살았다. 법학을 공부하고 관립 보험 회사의 관리로 근무한 카프카는 생활인으로 일하면서 나머지 모든 시간에 글을 썼으며, 여러모로 삶의 국외자적 상황에 처한 이방인이었다. 체코에서 태어났으나, 프라하 시민 10분의 1 정도밖에 쓰지 않는, 체코어 한가운데 섬처럼 고립된 독일어가 모국어였고, 독일어가 모국어였으나 유대인이었고, 유대인이었으나 유대교 신앙이 없었다. 이런 환경은 인종적, 언어적, 종교적으로 정체성 확립의 어려움을 조성하는 여건이었다. 카프카의 소설은 초기작부터 사물들의 낯섦, 낯선 사물들에 대한 작가의 서늘한 시선, 체념과 공동체에 대한 동경이 배어 있다. 가족, 법질서, 낯섦의 체험, 그리고 폭력이 카프카에게서는 하나로 얽히는 모티프다. 카프카의 첫 책은 1912년 친구 막스 브로트가 소개한 출판인 에른스트 로볼트가 발행한 『관찰』이란 단편 소설집이다.(1910년 프란츠 블라이가 편집한 잡지에 ‘관찰’이라는 제목의 짧은 산문을 발표했고, 그 산문들도 단편집에 엮였다.) 총 800부를 찍었으며, 카프카는 이 책을 브로트의 집에서 만난 여성 펠리체 바우어에게 헌정한다. 이번 에디션에서는 이 책의 수록작 중 열한 편의 단편들과 엄선한 단편들을 함께 실어 카프카의 빛나는 문학성을 감상할 수 있도록 했다. 『성』, 『소송』과 함께 프란츠 카프카의 미완성 장편 소설 중 하나인 『실종자』는 1911년부터 1914년 사이에 집필되어, 1927년 카프카의 친구이자 편집자인 막스 브로트에 의해 사후 출간된 장편 소설이다. 이 소설의 초판본은 막스 브로트에 의해 ‘아메리카’라는 제목으로 출간되었으며, 카프카 생전인 1913년에 『실종자』의 1장인 「화부」가 출간된다. 카프카는 열다섯 살 때 이미 소설을 쓴 적 있는데, 그중 일부는 미국을 배경으로 하고 있기 때문에 『실종자』의 착상은 김나지움에 다닐 때인 1898년 무렵이 된다. 1911년 말에 카프카는 『실종자』의 주제를 다시 다루어 1912년 하반기에 7장까지 완성한다."
36,쇼펜하우어 인생수업: 한 번뿐인 삶 이렇게 살아라,쇼펜하우어,하이스트,2024년 02월 20일,인문,9.7,9791193282045,212쪽,127 * 188 * 19,한국어,"['니체', '최대한 단순', '정해', '해라', '과묵', '현생']","독자들에게 쇼펜하우어의 철학을 쉽게 접근하고 이해할 수 있는 방법을 제공하며, 그의 철학적인 사고를 배경으로 한 다양한 주제들을 현대적으로 다룬 책입니다. 이를 통해 독자들은 자신의 삶과 인생의 의미에 대해 깊이 생각하고, 쇼펜하우어의 철학을 통해 새로운 관점을 얻을 수 있을 것입니다."
37,고층 입원실의 갱스터 할머니,양유진,21세기북스,2024년 03월 20일,시/에세이,9.9,9791171174508,정보 없음,129 * 188 * 25,한국어,['정보 없음'],"누군가의 오랜 아픔을 마주하는 일이 이토록 환하고 유쾌할 수 있을까? 마냥 해맑게 자랐을 것만 같았던 크리에이터 ‘빵먹다살찐떡’ 양유진의 첫 투병 고백 이야기다. 틱톡과 유튜브 채널 ‘빵먹다살찐떡’으로 수많은 이들에게 다정한 웃음을 선사한 저자는 이 책을 통해 지금까지 마음속에 꼭꼭 숨겨두었던, 난치병 ‘루푸스’(만성 자가면역 질환) 투병을 고백한다. 작은 방에서 홀로 찍었던 영상이 많은 이들에게 닿아 100만이 넘는 구독자를 모으기까지 괜스레 이야기하지 못했던 지난날의 아픔을 책에 조심스럽게 담아냈다. 10년 동안 난치병 환자로 살아오며 생사의 갈림길마다 자신을 일으켜 세운 사람들의 털털하고도 다정한 사랑이 저자가 이 책을 쓰게 한 동기다. 남모를 아픔으로 남들과 조금은 다른 길을 가야 했던 어린 날, 삶의 곳곳에서 나타나 삶의 방향과 태도를 가르쳐준 사람들을 위해, 또 자신이 받은 응원을 누군가에게 다시 돌려주기 위해, 저자는 용기를 내어 글을 쓰기 시작했다. 갑자기 불쑥 꺼낸 진지한 이야기에 멋쩍은 분위기가 될까 봐, 인기를 얻었다고 책을 내는 모양이 될까 봐, ‘빵떡’ 양유진은 밤을 지새우며 글자를 지우고 또 지우며 한 글자씩 꾹꾹 눌러 자신의 진심을 담았다. 그 진심 가득한 이야기들 속에서, 저자의 내면에 섬세하게 자리 잡은 수많은 사람이 선명하게 기록된다. 고층 항암 병동에서 입원했을 때 마주한 ‘갱스터 할머니’에게 꿋꿋한 삶의 태도를 배우고, 여행 중에 만난 동네 할아버지에게 고민의 힌트를 얻는다. 결국 살아갈 힘을 주는 것은 사람이라는 것을, 그 사람들과 함께 만든 꿈이라는 것을, 그 꿈을 통해 사람들과 함께 웃는 웃음이라는 것을, 이 책은 담백하고 진솔하게 당신에게 슬쩍 건넨다. 그런 의미에서 이 책은 ‘나’의 아픔에 대한 고백일 뿐 아니라, ‘나’를 살게 한 수많은 얼굴에 대한 기록이다."
38,일을 잘 맡기는 기술,모리야 도모타카,센시오,2024년 03월 26일,경제/경영,10,9791166571459,208쪽,136 * 195 * 18,한국어,['정보 없음'],"직원이 한 명이라도 있는 리더라면 반드시 알아야 할 책 〈일을 잘 맡기는 기술〉이 출간됐다. 일을 맡기는 방법과 맡긴 일을 잘 해내도록 돕는 방법 55가지를 담은 책이다. 저자는 5만 명 이상의 리더를 배출한 인재컨설팅 전문가다. 시대가 변했다. 어느새 1990년대생 직원은 조직의 허리가 되어가고 있고, 2000년대생 직원이 들어오기 시작했다. 이들은 또 다르다. 잘 설명해도 싫다고 한다. 뭘 원하는지도 모르겠다. 차라리 혼자 하는 게 빠르겠다는 생각이 절로 든다. 저자는 실제로 현장을 가보면 많은 리더들이 일을 맡기는 것을 어려워한다며, 직원이 한 명이라도 있다면 일을 맡기는 방법을 알아둬야 한다고 말한다. 상황이 그렇다고 해서 회사가 리더에게 원하는 성과가 낮아지는 것도 아닌 데다, 일을 맡기는 방법을 회사에서는 가르쳐주지 않기 때문이다. 이 책은 조직과 팀 입장에서 리더 혼자 하는 게 빠른데 왜 일을 맡겨야 하는지 그 이유를 설명하고, 일을 맡기기 전 알아두어야 할 사항, 일을 잘 맡기는 방법, 맡겨놓은 일을 잘 해내도록 돕는 방법을 소개한다. 그리고 일을 맡길 때 가장 많이 겪는 실수와 일을 맡길 때 해서는 안되는 행동, 리더가 가장 흔하게 겪는 오류인 팀원에 갖고 있는 무의식적 편견을 없애고 객관적인 시선으로 일을 맡기는 방법을 알려준다. 자신이 갖고 있는 편견은 어떤 게 있는지 알아보는 방법도 담았다. 저자는 일을 맡길 인재가 없는 것이 아니라 일을 잘 맡기는 방법을 모르는 것이라고 말한다. 실제로 일을 맘 놓고 맡길 인재가 넘치는 그런 회사는 거의 없다고 저자는 말한다. 그래서 일을 맡기는 방법을 알아둬야 한다는 것이다. 그리고 조직이 리더에게 원하는 것은 혼자선 아무리 일을 잘해도 한계가 있기 때문에, 팀원과 함께 성과를 올리고 이 과정에서 팀원이 성장하도록 돕는 것이라는 걸 알아야 한다고 강조한다. 5만 명의 리더가 경험한 일을 잘 맡기는 비법이 담긴 책이다. 현장에서 겪은 내용을 사례로 설명하고 있어 대단히 쉽고 바로 적용할 수 있다. 이 책 한 권이면 일을 맡길 때 겪는 거의 모든 문제가 해결될 것이다."
39,예약판매 2024 제15회 젊은작가상 수상작품집,김멜라,문학동네,2024년 03월 31일,소설,,9788954638746,372쪽,130 * 205,한국어,['정보 없음'],"2010년 제정된 이래 해를 거듭하며 독자들의 뜨거운 사랑을 받고 있는 젊은작가상이 어느덧 15회를 맞았다. 저만의 문제의식과 치열한 언어로 문학의 지평을 넓혀온 데뷔 십 년 이하 작가들의 눈부신 발돋움을 조명하고자 마련된 젊은작가상은 지난해까지 모두 62명에 이르는 새로운 얼굴을 소개하며 한국문학에 생기를 더했다. 올해 젊은작가상에 이름을 올린 수상 작가는 김멜라 공현진 김기태 김남숙 김지연 성해나 전지영이다. 이 상의 수상자로는 처음 이름을 올린 공현진 김기태 김남숙 성해나 전지영 다섯 명의 등장이 반갑고, 작품세계를 경신하며 세번째로 젊은작가상을 수상하는 김지연의 성취가 뜻깊다. 무엇보다 2021년부터 한 해도 빠짐없이 젊은작가상을 수상하다가 올해 마침내 심사위원 만장일치로 대상의 영예를 안은 김멜라의 쾌거가 값지다. 우리 삶의 한 장면을 흥미진진한 상상력으로 풀어낸 이 일곱 편의 소설은 독자에게 밀도 높은 공감을 안길 뿐 아니라 독서 그 자체의 즐거움을 만끽하게 하는 새봄의 선물이 되어줄 것이다."
40,마법천자문 62: 앞으로를 서로 다짐하다! 약속,스튜디오 훈훈,아울북,2024년 03월 20일,어린이(초등),9.9,9791171174713,144쪽,189 * 256 * 11,한국어,['정보 없음'],"생사의 갈림길에서 헤매는 손오공 앞에 삼장이 나타난다. 삼장은 손오공에게 마법천자문 비석 앞에서 했던 약속을 전한다. 그리고 약속의 돌과 토의 정수를 건네주며 오행의 정수를 모두 모아 자신이 있는 곳, 대지여신의 신전으로 찾아오라고 말한다. 그리웠던 만남도 잠시, 삼장은 손오공을 현실로 되돌려 보내고 손오공은 그 과정에서 옥황계와 광명계에서의 기억을 모두 되찾게 된다. 한편 멀리서 상황을 살펴보고 있었던 단은 정화 마법을 펼친 삼장과 특별한 힘을 사용하는 아람치를 없애기 위해 손오공과 아람치의 곁으로 다가온다. 바로 그때 손오공은 아람치를 공격하려는 단의 앞을 가로막고, 화(火)의 마법진과 토(土)의 마법진을 동시에 사용하며 강한 힘을 보이기 시작한다. 그런데 손오공이 단에게 다가가는 순간, 단에게서 마하가라와 똑같은 기운을 느끼게 되는데…. 손오공과 아람치, 그리고 소스시티의 마지막 희망인 리더 아카데미까지 없애려는 단과 이를 막으려는 손오공! 과연 손오공은 단을 무찌르고 삼장을 다시 만날 수 있을까?"
41,퓨처 셀프,벤저민 하디,상상스퀘어,2023년 08월 30일,자기계발,9.6,9791192389325,291쪽,정보 없음,한국어,"['로빈스', '블로거', '위협', '진실', '케일', '브룩']","살 날이 얼마 남지 않은 ‘미래의 내’가 현재로 시간 여행을 왔다고 상상해보자. ‘현재의 나’는 해야 할 일은 미뤄둔 채 소파에 누워 핸드폰을 보느라 시간 가는 줄 모른다. 당장 사고 싶은 것, 먹고 싶은 것에 생각 없이 돈을 쓰고, ‘다음 달의 나’에게 결제를 미룬다. 자극적이고 간편한 정크 푸드를 즐겨 먹으며 건강은 생각하지 않는다. 어린 자녀와 눈을 맞추고 시간을 보내기보다 잔소리와 고성이 오가는 전쟁 같은 하루하루를 보낸다. 이 모습을 본 ‘미래의 나’는 과연 어떤 말을 하고 싶을까? 혹시 지금의 내 모습과 크게 다르지 않다고 생각하는가? 미래의 모습이 그려지지 않는다면, 현재의 내가 좀 더 나은 모습이기를 원한다면 이 책이 해답을 제시해줄 것이다. ‘미래의 나는 어떤 모습일까?’라는 질문은 우리가 인생에서 쉽게 놓치는 중요한 진실에 이르게 한다. 즉, 미래의 나와 연결될수록 현재 더 나은 삶을 살게 된다는 것이다. 이 책은 미래의 내가 어떤 모습일지 깊이 생각해보고, 지금 그 사람이 되는 방법을 구체적으로 알려주는 인생 지침서이다. 상상한 미래 자아는 현실에서 원동력이 되어 목표와 우선순위가 달라지고, 이에 맞게 행동하게 만든다. 그렇기에 우리가 다시 예전 모습으로 돌아가려 하거나 의지가 약해질 때마다, 혹은 작은 성취를 맛본 후 다음 목표를 정해야 할 때 이 책을 옆에 두고 수시로 꺼내 보기를 권한다. 이 책의 저자인 벤저민 하디는 저명한 조직심리학자로, ‘미래의 나’를 적용하는 과학 분야에서 세계 최고의 전문가다. ‘미래의 나’와 관련된 연구가 점점 많아지고 있는 가운데, 그는 이 주제를 완벽하게 다룬 책을 발표했다. 그의 오랜 연구 결과와 집약된 이론을 국내에서 책으로 만날 수 있게 된 것이다. 그는 팟캐스트와 유튜브, 웹사이트, 기업 강연을 통해서도 ‘미래의 자신’을 명확하게 하고, 목표한 방향으로 이끄는 실용적인 전략을 공유하며 많은 사람의 성장과 발전을 돕고 있다. 이 책은 크게 세 파트로 구성되어 있다. 파트1은 ‘미래의 나’를 위협하는 요인 7가지를, 파트2는 ‘미래의 나’에 대한 진실 7가지를, 파트3은 ‘미래의 내’가 되는 7단계를 구체적으로 제시한다. 각 단계마다 자신을 점검해볼 수 있는 체크리스트와, 미래의 나와 연결하는 활동들이 포함된 워크지를 제공하고 있다. 또한 각 장의 핵심 내용은 일러스트를 통해 기억에 선명하게 남도록 도와주고, 파트가 끝날 때마다 KEY POINT로 요약해서 정리해준다. 특히 ‘미래의 나’와 연결하는 것이 중요하다는 점을 유명인들의 일화를 통해 소개해 재미를 더하고, 쉽게 이해할 수 있도록 설명한다. 이 책은 단순히 ‘미래의 나’를 생각에서 그치지 않고 행동하게 만드는 구체적인 방법을 제시한다는 점에서 당신의 삶을 변화시키는 데 최고의 안내자 역할을 할 것이다."
42,물질의 세계,에드 콘웨이,인플루엔셜,2024년 03월 08일,인문,9.8,9791168341746,584쪽,154 * 217 * 43,한국어,"['소금사막', '반도체', '단결정', '광산', '채굴', '티끌']","칠레 아타카마 사막에서 기가팩토리 네바다까지, 가장 원시적인 곳에서 발견한 최첨단의 세계 모래, 소금, 철, 구리, 석유, 리튬. 이 여섯 가지 물질은 인류 역사상 가장 중요한 물질로 암흑기에서 현대의 고도로 발달한 사회로 인간의 세계를 확장시켰다. 컴퓨터와 스마트폰에 전력을 공급하고, 집과 빌딩을 지으며, 생명을 구하는 의약품을 만들지만 우리 대부분은 이 물질이 무엇인지, 우리 삶에 어떤 영향을 미치고 있는지 알지 못한다. 《물질의 세계》 저자이자 영국의 저널리스트 에드 콘웨이(Ed Conway)는 우리가 알지 못했고 볼 수 없었던 물질이 가진 경이로운 세계로 독자들을 안내한다. 무더운 유럽의 가장 깊은 광산부터 티끌 하나 없는 대만의 반도체 공장, 칠레 아타카마 사막의 소금호수까지. 전 세계 곳곳을 탐험하는 과정 속에 인간의 새로운 미래를 가져다 줄 대체 불가능한 여섯 가지 물질의 비밀이 밝혀진다. 물질은 어떤 과정을 거쳐 놀랍도록 복잡한 제품으로 탄생할까? 여섯 가지 물질의 여정이 만들어가는 기적적인 과정과 숨겨진 사람들의 이야기를 통해 세상을 바꾸는 물질의 새로운 세계로 한걸음 더 다가갈 수 있다."
43,벚꽃 수영장,신현경,북스그라운드,2024년 03월 20일,어린이(초등),10,9791168341753,72쪽,191 * 230 * 13,한국어,['정보 없음'],"수영하는 야옹이처럼 무엇이든 도전하려는 우리 아이들과 함께 읽고 싶은 책-초등 교사 추천평 물에 대한 두려움을 호기심과 상상력으로 바꿔 주는 생존 수영 입문서!-초등 교사 추천평 물을 싫어하는 고양이가 기후 위기 때문에 수영을 배운다고? 시의성 높은 설정, 아름답고 섬세한 그림, 재미있는 이야기로 주목받은 베스트셀러 《야옹이 수영 교실》은 출간 이후 쉼 없이 쾌속 질주 중이다. 시리즈 첫 권이 출간되고 후속권에 대한 독자 문의가 빗발쳤는데 드디어 벚꽃 피는 봄날, 두 번째 이야기 《벚꽃 수영장》을 선보인다. 이번 권에서 야옹이들은 위급 상황에서 내 몸을 지키는 생존 수영을 본격적으로 배운다. 배움의 공간은 수영장에서 마을 호수로 넓어지고, 볼거리와 이야깃거리도 한층 풍성해졌다. 벚꽃 휘날리는 봄날, 호수 수영에 도전하는 야옹이들은 과연 바라는 대로 꽃잎처럼 둥둥 뜰 수 있을까? 수많은 독자가 궁금해한 수영 코치 하오의 숨은 사연 역시 보름달 뜨는 밤 환하게 공개된다. 수영을 시작한 아이에게 용기와 즐거움을 주었어요._독자 서평 고양이의 성격이 그대로 전해지는 정말 사랑스럽고 따뜻한 그림_독자 서평 너무 재미있어서 흥분을 감추지 못한 책_독자 서평 표지부터 재미있는 책_독자 서평 ■ ■ ■ 줄거리 야옹이들이 처음 수영을 배운 지도 여러 달이 지나 어느덧 봄이 되었다. 요즘 야옹이들은 ‘잎새 뜨기’와 ‘새우등 뜨기’ 등 본격적인 생존 수영법을 배운다. 그러던 어느 날, 건넛마을 어떤 고양이 아저씨가 늑대고양이의 습격을 받았다는 흉흉한 소문이 돈다. 늑대고양이는 보름달 뜨는 밤, 고양이에서 늑대고양이로 변하며 고양이를 공격하고 새를 잡아먹는다고 하는데……. 한편 야옹이 수영 교실의 수업은 실내 수영장을 벗어나 벚꽃이 눈부시게 핀 호수에서 진행된다. 벚꽃 수영장이 된 호수에서 야옹이들은 또 무엇을 배우게 될까."
44,도둑맞은 집중력,요한 하리,어크로스,2023년 04월 28일,인문,9.4,9791167740984,464쪽,136 * 214 * 32,한국어,"['주의력', '비만', '멀티태스킹', '유행병', '정크푸드', '뇌척수액']","전 세계 모든 곳에서, 집중하는 우리의 능력은 붕괴하고 있다. 미국의 10대들은 한 가지 일에 65초 이상 집중하지 못한다. 직장인들의 평균 집중 시간은 단 3분에 불과하다. 뉴욕타임스 베스트셀러 작가이자 저널리스트인 요한 하리는 왜 이런 현상이 벌어지는지 알아보기 위해 이 분야를 주도하는 전 세계 과학자들과 전문가들을 만나기 위한 대장정을 떠났다. 그리고 그동안 이 주제에 대해 우리가 잘못 알고 있음을 발견했다. 우리는 집중하지 못하고 산만해지는 것이 흔히 스마트폰과 같은 디지털 기기에 대해 자제력을 발휘하지 못하는 개인의 실패라고 생각한다. 그러나 그렇지 않다. 저자는 현재 우리가 겪고 있는 집중력 문제가 현대 사회의 비만율의 증가와 유사하다고 설명한다. 정크푸드를 중심으로 한 식품 공급 체계와 생활 방식의 변화가 비만율 증가를 만든 것처럼, 집중력 위기의 광범위한 증가도 현대 사회 시스템이 만들어낸 유행병과 같다는 것이다. 이 과정에서 저자는 인간의 주의력을 빼앗는 꼼수를 발견한 실리콘밸리의 반체제 인사, 강아지에게 ADHD를 진단한 수의사, 심각한 집중력 위기에 빠진 리우의 빈민가, 놀라운 방식으로 노동자들의 집중력을 회복한 뉴질랜드의 한 회사까지 종횡무진한다. 그리고 이러한 광범위한 집중력 위기에 수면의 부족, 독서의 붕괴, 테크 기업들의 주의력 조종과 약탈 등 12가지 원인이 작용한다는 것을 발견한다."
45,다 하지 못한 말,임경선,토스트,2024년 03월 20일,소설,9.8,9791197346521,정보 없음,122 * 210 * 40,한국어,['정보 없음'],"『호텔 이야기』『가만히 부르는 이름』『곁에 남아 있는 사람』등, 동시대 사람들의 애틋한 이야기를 특유의 간결하고 담백한 문체로 담아내는 작가 임경선이 소설 『다 하지 못한 말』로 돌아왔다."
46,처음부터 시작하는 주식투자 단타전략,홍인기,길벗,2023년 12월 22일,경제/경영,9.3,9791140707492,344쪽,정보 없음,한국어,"['투자자', '트레이딩', '주식투자', '트레이더', '수익', '고점']","-차근차근 시작해서 억대 연봉 버는 주식 단기매매 필승 전략 -시장에서 확실히 터득하고 완전히 아는 내용만 담은 실전투자 공략집 -종목 선정, 수급, 거래원, 호가창의 비밀과 장대양봉 매매법까지 단타의 A to Z -단타 투자를 시작하려는 사람에게 가장 알맞은 최고의 안내서 대학을 갓 졸업한 MZ세대 트레이더는 어떻게 억대 수익을 거두는가? 가장 위험하게 느껴지는 단타 투자를 가장 안전하게 해내는 대왕개미의 필승 전략 “당신이 원하는 삶, 단기매매로 이룰 수 있습니다” 사람들은 단타 투자가 무조건 위험하다고 생각하는 경향이 있다. 반은 맞고 반은 틀리다. 단타를 제대로 배울 수만 있다면 높은 확률로 돈을 벌 수 있다. 그런데 누군가의 매매법을 배운다고 하더라도 그 수준이 매우 높아 따라 하기 힘든 것이 대부분이다. 전자의 경우 단타를 제대로 가르쳐 줄 사람을 만나기 어렵다. 후자의 경우 트레이딩이 어려워 자신의 매매법으로 만들기 힘든 탓에 돈을 금방 잃기 쉽다. 두 가지 모두 시장에 적은 돈이라도 실제 투자하며 몸소 배우고 느껴야 수익을 낼 확률이 높다는 것을 전제로 한다. 다만, 단타 매매에 매력을 느껴 처음 시작해보고자 한다면 《처음부터 시작하는 주식투자 단타전략》이 복잡하게 얽혀 있는 실제의 문제를 해결한다. 이 책의 저자는 ‘확실하게 터득하고 아는 것’만 책에 담았다고 강조한다. 즉, 저자도 돈을 벌지 못하거나, 실제로 그렇게 매매하지 않거나, 본인이 이해하지 못하는 트레이딩 방법은 배제했다는 뜻이다. 단기매매, 단타로 일컫는 매매와 관련하여 철저히 검증하고 잘 아는 내용만 진솔하게 담았다는 의미다. 저자는 단타 매매를 주력으로 하지만, 철저한 리스크 관리자인 탓에 다른 단타 투자자와 상대적으로 안전한 투자를 선호하는 편이다. 그의 나이는 20대 중반이며, 단 한 번의 우연으로 실전투자에 나가 1등 한 것이 아니라 수차례, 여러 대회에서 자신의 실력을 검증했다. 기울기가 심한 하락장과 증시의 오르내림이 반복되었던 2023년 실제 계좌를 책에 실어 비교적 어린 나이에 당당히 억대 수익을 냈음을 인증하였다. 주식 단기 매매에 관심이 있는 사람이라면 반드시 《처음부터 시작하는 주식투자 단타전략》을 읽어야 한다. 아무런 준비 없이 특정 유튜버가 주장하는 매매법을 무턱대고 따라 하다가 소중한 투자금을 순식간에 시장에 헌납하는 꼴을 당한다. 그렇게 쉽게 돈을 버리고 싶지 않다면, 단타도 차근차근 배워 제대로 써먹어야 비로소 수익이 날 확률이 높아진다. 이 책은 단타를 진짜 배우고자 하는 사람의 눈높이에 맞춰 썼다. 순식간에 자신이 감당하지도 못할 일확천금을 노리는 사람이 있다면 빨리 포기하는 편이 낫다. 이 책은 안전하게, 차곡차곡 수익을 쌓는 단기매매 전략을 습득하고자 하는 사람을 위해 태어났다. 허구나 과장 없이 저자가 시장에서 실제로 겪은 경험을 바탕으로 노하우만 함축했다. 이를 배우고자 하는 사람이 시행착오를 겪더라도 최소한 견뎌내기 힘든 괴로움을 느끼지 않았으면 하는 마음을 담았다. 20대에 억대 트레이더가 된 대왕개미 홍인기 저자는 “이 책의 노하우가 누군가에게는 인생을 바꿀 터닝포인트가 되길 바란다”라고 한다. 《처음부터 시작하는 주식투자 단타전략》은 이 시대의 단타 투자자에게 진솔한 희망을 보낸다."
47,겸손의 힘,대릴 반 통게렌,상상스퀘어,2024년 03월 20일,자기계발,10,9791192389561,360쪽,145 * 210 * 28,한국어,['정보 없음'],"이 책은 겸손을 실용적이고 철학적으로 심층 분석한다. 겸손이 어떻게 자신감을 키우고 자신의 강점과 한계를 더욱 정직하게 바라볼 수 있는지, 성공을 거두는 데 도움이 되는지 연구와 사례를 통해 설득력 있게 설명한다. 오늘날 우리는 자기 과시 풍조가 만연한 세상에서 살고 있다. 많은 사람이 성공하려면 자신을 높여야 한다고 생각한다. 반면 겸손을 야망이 부족하거나 평범한 수준에 안주하려는 태도와 동일시하며 비판한다. 하지만 연구 결과는 다르다. 겸손이야말로 육체적/정신적 건강, 인간관계, 업무 능력, 리더십을 개선하는 데 도움을 주며, 나와 우리를 성장과 성공으로 이끄는 핵심 태도이자 가치라는 것이 밝혀졌다. 나아가 이 시대에 만연한 분열과 비교의 함정에서 벗어나는 방법 또한 겸손이라고 이 책은 말하고 있다. 저자인 대릴 반 통게렌은 겸손의 과학을 이끄는 대표적인 연구자다. 현재 호프칼리지대학교 심리학과 부교수이자 프로스트 사회과학 연구센터 소장으로 역임 중이며, 2016년에는 심리학협회 라이징 스타 선정, 2022년에는 미국심리학회 종교심리학 분야 공헌상을 받는 등 심리학 분야에서 인정받고 있다. 그는 책을 통해 지금 이 시대에 겸손이 필요한 이유를 다양한 근거와 설득력 있는 논리로 설명하고 있다. 겸손에 관한 고정관념을 깨부수고, 우리가 몰랐던 새로운 가치를 밝혀주어, 겸손에 새로운 브랜딩을 제시하고 있다. 겸손이라는 미덕은 그동안 과소평가되어 심리학에서 많은 연구가 이뤄지지 못했다. 겸손을 측정하기가 어렵다는 여겨졌고, ‘자기 강화’를 중요시하는 서구의 수많은 개인주의적 문화권에서는 겸손을 높이 사지 않았기 때문이다. 또한 겸손을 다룬 책들 대부분이 종교 지도자 혹은 종교인으로서의 덕목 위주로 다뤄졌다. 반면 이 책은 여러 관계를 맺고 살아가는 대중을 대상으로 쓰였고, 저자가 오랫동안 연구한 겸손의 장점과 겸손을 기르는 방법을 다방면의 연구와 풍성한 예화로 깊이 있게 분석했다는 점에서 독보적인 책이라고 할 수 있다. 먼저 겸손이 무엇인지 알아야 겸손해질 수 있을 것이다. 1부에서는 겸손의 정의와 장점을 알아보고, 2부에서는 겸손을 기르는 방법으로 세 가지 단계를 제시한다. 마지막 3부에서는 겸손이 자기 자신을 넘어 타인과 사회, 세상을 어떻게 변화시킬 수 있는지를 보여준다. 겸손은 친구, 동료, 가족, 연인에 이르기까지 모든 유형의 관계에서 바람직한 특성이다. 누구든 더욱 겸손해지려는 노력을 시작할 수 있다. 자신의 강점과 약점을 알고 싶은 사람, 관계의 어려움을 겪는 사람, 진정한 관계를 맺고 유지하기를 원하는 사람이라면 《겸손의 힘》이 삶을 더 나은 방향으로 나아가는 길잡이가 되어 줄 것이다."
48,데일 카네기 인간관계론(무삭제 완역본),데일 카네기,현대지성,2019년 10월 07일,자기계발,9.8,9791187142560,352쪽,151 * 224 * 26,한국어,"['투자자', '성공', '대화', '버핏', '리더십', '워런']","사람을 다루는 핵심 원리는 무엇일까? 어떻게 하면 호감 가는 사람이 될 수 있을까? 원하는 것을 얻어내는 가장 효과적인 방법은 무엇일까? 인간관계는 친구를 만들고 적을 만들지 않는 것에서 시작된다. 『데일 카네기 인간관계론』은 이런 인간관계의 핵심을 꿰뚫는다. ‘친구를 만들고, 사람을 설득하는 법’이라는 제목으로 1936년 처음 출간된 데일 카네기의 책은 80년 넘게 수많은 사람들에게 영향을 끼쳐 왔다. 이후에 나온 모든 자기 계발서들이 이 책의 영향을 받았다고 해도 과언이 아니다. 세계적인 투자자 워런 버핏의 인생을 바꾼 책이자, 누구나 꼭 읽어야 할 책이기도 하다. 『데일 카네기 인간관계론』은 가장 단순하고 실용적인 원칙들로 복잡한 인간관계에 대한 우리의 고민을 명쾌하게 해결해 준다. 이 책은 1936년 출간된 초판을 완역해 원전의 맛을 살렸다. 개정판에서 삭제되었던 5부 ‘기적 같은 결과를 낳은 편지들’과 6부 ‘결혼 생활을 행복하게 만드는 7가지 비결’도 그대로 수록했다. 데일 카네기가 그 당시 무엇을 보고 어떤 생각을 하며 이 책을 썼는지 한층 더 깊게 이해할 수 있게 되는 셈이다. 시대적 상황은 크게 변했지만 그가 수천 명의 수강생들과 갈고닦은 원리들은 80년이 지난 지금도 여전히 유효하다. 거기에 더불어 카네기는 독자들을 위해 이 책을 가장 잘 활용하기 위한 9가지 제안을 남겼다. 아래 소개하는 그의 제안대로 이 책을 활용한다면 최고의 성공을 거두게 될 것이다."
49,코스모스,칼 세이건,사이언스북스,2010년 01월 20일 (1쇄 2006년 12월 20일),과학,9.8,9788983711892,719쪽,153 * 224 * 40,한국어,"['우주', '히파티아', '데모크리토스', '교양과학', '에라토스테네스', '과학자']","과학 교양서의 고전『코스모스』. 이 책에서 저자는 우주의 탄생과 은하계의 진화, 태양의 삶과 죽음, 우주를 떠돌던 먼지가 의식 있는 생명이 되는 과정, 외계 생명의 존재 문제 등에 관한 내용을 수 백장의 사진과 일러스트를 곁들여 흥미롭게 설명한다. 현대 천문학을 대표하는 저명한 과학자인 저자는 이 책에서 사람들의 상상력을 사로잡고, 난해한 개념을 명쾌하게 해설하는 놀라운 능력을 마음껏 발휘한다. 그는 에라토스테네스, 데모크리토스, 히파티아, 케플러, 갈릴레오, 뉴턴, 다윈 같은 과학의 탐험가들이 개척해 놓은 길을 따라가며 과거, 현재, 미래의 과학이 이뤘고, 이루고 있으며, 앞으로 이룰 성과들을 알기 쉽게 풀이해 들려준다. 그리고 과학의 발전을 심오한 철학적 사색과 엮어 장대한 문명사적 맥락 속에서 코스모스를 탐구한 인간 정신의 발달 과정으로 재조명해 낸다."
50,흔한남매의 흔한 호기심 11,흔한남매,미래엔아이세움,2024년 02월 16일,어린이(초등),10,9791168414488,164쪽,190 * 258 * 10,한국어,"['상장', '정보 페이지', '극지방', '퀴즈', '오로라', '칭찬']","구독자 수 270만 명의 인기 유튜브 크리에이터, 흔한남매가 과학 학습 만화로 찾아왔습니다. 학습 만화라서 어렵고 딱딱할 것이라는 생각은 금물! 이 책은 유머러스한 에피소드 '만화'와 말랑말랑한 과학 '정보' 페이지, 핵심 키워드를 담은 '퀴즈', 그리고 마지막으로 성취감을 길러 줄 '특별 칭찬 상장'까지 지루할 틈 없는 흥미로운 구성으로 가득하니까요. 《흔한남매의 흔한 호기심》으로 배꼽 잡는 재미와 과학 호기심을 동시에 잡아 보세요."
51,당신들의 댄스 댄스,유동규,지우출판,2024년 04월 05일,정치/사회,9.9,9791198491077,272쪽,140 * 210 * 22,한국어,['정보 없음'],"뿌리 깊고 방대하게 얽혀 국민의 이성을 마비시킨 전대미문의 대국민 사기극, ‘인허가권’이 휘두른 ‘쩐의 전쟁’에 대한 실사판! “난 죄인이다. 죄가 없다고 말하지 않는다. 내가 지은 죗값은 내가 받을 테니 당신들이 지은 죗값은 당신들이 받아야지.” 저자가 했던 이 말에 책의 주제가 함축돼 있다. 저자는 현재 거대 야당 당대표로 온갖 범죄 혐의로 재판을 받는 이재명의 최측근이었던 성남도시개발공사 전 기획본부장 유동규다. 현재 그는 이재명과 함께 ‘대장동 사건’으로 재판을 받고 있다. 《당신들의 댄스 댄스》는 ‘국민의 심부름꾼’이라며 정치인으로 들어선 이재명이 자신의 권력을 위해 온갖 범죄를 저지르고, 그 범죄를 덮기 위해 점점 더 많은 범죄를 저지르는 것을 멈추길 바라며 쓴 책이다. 또한 저자가 10여 년 넘게 이재명과 함께하며 그의 범죄에 일정 부분 가담했던 일에 대한 반성문이자, 여전히 범죄를 쌓으며 대한민국을 코너로 몰고 있는 일당들에 대한 ‘멈춤’ 라벨서다. 3억 투자로 4041억을 벌게 한 도깨비방망이 ‘인허가권’ ‘청계천’ 하면 이명박 대통령을 떠올리듯 이재명은 자신의 랜드마크로 내세울 ‘1공단 공원화’ 작업을 하면서 시작부터 난관에 부딪힌다. 법에 막히고, 돈에 막혔다. 그때 나타난 법조계 로비스트 김만배. 그는 자신의 인적 네트워크로 이재명의 어려움을 해결해 주며 친분을 쌓는다. 기존 대장동 사업을 하고 있던 민간업자로부터 반강제로 사업 주도권을 갖고 온 김만배는 ‘인허가권’을 쥔 이재명에게 ‘대박 날 대장동’ 사업의 ‘수익 절반’을 주는 조건으로 의기투합한다. 민간업자들은 3억 투자로 4041억의 돈벼락을 맞았다. 그리고 이재명은 김만배 수익의 절반을 ‘저수지’에 넣어 둔다. 사실을 밝히는 변수 ‘증거’ 권력에 눈먼 이재명은 자신의 정치적인 목적 외엔 안중에도 없다. 불온한 세력 경기동부연합과 손을 잡는가 하면 조폭들과도 손을 잡는다. ‘나눔 환경’에 일감을 몰아 주고, 조폭에 ‘어린이 지킴이’ 사업을 맡기기도 한다. 상대 후보 매수는 기본이고, 상대 후보에 대한 거짓 선동도 서슴지 않는다. 거짓말은 일상이며 대거리하는 이들에겐 윽박지르고 협박한다. 재판 거래도 마다하지 않는다. 2심에서 패한 재판을 김만배의 놀라운 로비 활동으로 대법원에서 두 번이나 뒤집는다. 권력에 눈먼 자와 권력에 줄 선 자는 그렇게 서로에게 기생하며 공생해 갔다. 50억 클럽의 활용 김만배와 이재명은 대장동 사업뿐만 아니라, 온갖 이권 사업인 ‘인허가권’이 작동하는 일을 추진하며 생기는 법적 문제들을 문제가 되지 않게 50억 클럽 등장 인물들을 적극적으로 활용한다. “수남이형, 영수형, 재경이형, 상도형”은 김만배의 최애 아이템이다. ‘그분’을 유동규로 몰기 위한 함정을 파다 대장동 사업이 사달이 난 것은 ‘저수지’의 돈을 꺼내려고 하면서였다. 사사건건 시시비비를 가리는 유동규를 눈엣가시처럼 여긴 김만배는 ‘정영학의 녹취록’을 짜깁기하거나 함정을 파서 ‘그분’을 유동규로 몰아 ‘뇌물죄’로 엮으려 했다. 정작 김만배가 ‘뇌물죄’로 엮을 돈의 최종 종착지는 정진상과 김용이었다. 그것을 몰랐던 김만배 음모의 불똥은 엉뚱한 곳으로 튄다. 희극과 비극의 교차점, 음모와 배신 이재명과 한 몸인 정진상, 공약 실행자 유동규, 거물인 듯 착각하고 으스대는 김용. 세 사람은 이재명을 대통령으로 만들기 위해 의형제처럼 지내지만, 대장동 사건이 터지면서 균열과 배신이 이어진다. 이재명을 위해 모든 것을 짊어지려 마음먹은 유동규에게 정진상과 김용은 끊임없이 공작한다. 자살을 부추기고 ‘증거인멸’과 ‘도주’를 재촉하는가 하면, 구치소에 있는 유동규에게 감시 변호사를 붙인다. 이재명ㆍ정진상ㆍ김용의 죄까지 모두 떠안기 위해 유동규가 모든 조사에 ‘묵묵부답’하는 동안, 정진상과 김용은 유동규가 구치소에서 나오지 못하게 ‘증거인멸교사’를 꾸민다. 폭발한 유동규의 반격이 시작됐다. 죽음을 재촉하는 자들의 가스라이팅 대장동 관련, 유독 많은 사람이 극단적인 선택을 했다. 저자인 유동규도 두 번이나 시도했다가 실패했다. 죽음을 부추기는 이재명 측의 수법은 한결같다. 총칼을 들고 협박한 게 아니라, 총칼보다 무서운 ‘입속의 검은 잎’인 세 치 혀를 휘둘렀다. 가스라이팅이었고, 치명적이었다. 유동규가 구치소에서 자살을 시도했던 이유와 같다. 과연 ‘그분’은 누가 조종하고 있는가 변호사비 대납 사건, 허가방 김인섭의 백현동 사건, 위례신도시 사건, 성남FC 사건, 쌍방울 대북 사업 사건, 위증교사 등 온갖 범죄 혐의가 차고 넘치는 이재명. 거짓말은 또 어떤가. 밥 먹듯 하고 박박 우긴다. 뒤집어씌우고 협박하고 우롱하며 타인의 기억 조작도 일상처럼 해댄다. 나랏돈도 주머니 쌈짓돈처럼 쓴다. 국고 손실도 서슴지 않는다. 각 기관에 측근들을 집어넣은 다음, 차출해 대선 캠프의 일을 하게 했다. 돈은 나라에서 받게 하고, 자신을 위한 개인 일에 동원한 사람들. 누가 ‘그분’을 막장으로 치닫게 조종하는가. 사람들은 또 왜 자신들이 조종당하는 줄 모르게 그에게 조종당하고 있는가. 이 책 《당신들의 댄스 댄스》는 자신들이 하는 일에 중독돼 조종당하는 줄도, 조종하는 줄도 모르며 지내다가 거기에서 빠져나와 그 광란의 춤을 멈추며 고통을 겪게 된 저자의 정면 승부 이야기다. 사실의 이야기며 중독된 삶에서 빠져나온 뒤의 반성문이기도 하다. 타인의 이야기가 아니라, 이 시대를 통과하고 있는 우리에게 ‘말 걸기’를 하게 될 진실의 ‘라벨’이기도 하다."
52,채사장의 지대넓얕 9: 세계의 탄생,채사장,돌핀북,2024년 03월 20일,어린이(초등),10,9791193487013,164쪽,159 * 218 * 17,한국어,['정보 없음'],"거대한 우주 속, 인간이란 존재는 어떻게 정의할 수 있을까? 생각하는 힘을 키워 주는 진짜 과학 공부가 시작된다 “어린이 교양 도서의 새로운 지평을 열다” 채사장 작가가 풀어 주는 지금껏 본 적 없던 과학 이야기 어린이를 위한 인문교양 스토리 만화 〈채사장의 지대넓얕〉 시리즈는 출간 즉시 뜨거운 반응을 일으켰고, 출시가 거듭되며 부모와 자녀 모두가 만족하는 필독서로 자리매김하였다. 초등, 중등, 성인에 이르기까지 모두에게 유익한 이 책은 입소문을 타고 소중한 사람들에게 자신 있게 권하는 ‘추천템’이 되었으며 더불어 지적 대화의 기쁨 역시 전염되고 있다. 이제 교양은 특별하고 어려운 문화가 아니라 모든 세대가 함께 즐기는 지적 유희다. 시험을 위한 공부는 따분하지만 대화를 위한 지식은 유쾌한 체험이다. 게다가 그 지식들이 하나로 연결되어 머릿속에 단순하고 견고한 구조물이 만들어지는 것은 짜릿한 기쁨이었다. 아이가 〈채사장의 지대넓얕〉을 통해 쌓은 지식은 미래의 어느 날, 세계 어느 나라 사람을 만나도 즐거운 대화를 나눌 수 있는 공통분모가 되어 줄 것이다. 이 책의 1권부터 8권까지의 이야기를 통해 독자들은 ‘현실 세계’를 이루는 역사, 경제, 정치, 사회, 윤리의 다섯 가지 영역을 공부했다. 지금부터 우리가 탐험할 세계는 ‘현실 너머의 세계’다. 인류는 절대적이고 보편적이며 불변하는 진리를 찾기 위해 끝없는 탐험을 이어 왔다. 그중에서도 과학은 현대인에게 사랑과 신뢰를 받고 있는 진리의 후보 중 하나일 것이다. 과학 기술에 대한 비판의 목소리가 높아지고 있기는 하지만, 과학적 방법론과 과학자에 대한 대중의 신뢰는 여전히 전폭적이기 때문이다. 과학은 이 세계를 어떻게 바라보고 있을까? 《채사장의 지대넓얕 9- 세계의 탄생》에서는 우리가 갈 수 있는 가장 먼 세계의 끝, 우주의 탄생부터 이야기를 하나하나 풀어내려고 한다. 빅뱅 이론과 다중우주, 추가 차원, 생명의 탄생과 진화 등 우리를 둘러싼 세계에 대해 과학은 어떤 입장을 제시하고 있는지 그 기본 개념을 훑어보고, 그 안에 작고 작은 존재인 인간을 만날 수 있도록 질문을 던진다. 우리가 우주를 상상하고 배우는 이유는 단편적인 지식을 늘리기 위해서가 아니다. 우주 안에 존재하며 우주를 바라보는 인간에 대해 더 잘 알기 위해서이다. 우리의 인지 능력으로 선뜻 이해하기 어려운 극단적인 시공간을 마주할 독자들이 우주만큼 광활한 자아를 발견하는 기회를 갖게 되길 소망한다."
53,빨간내복야코 맞춤법 절대 안 틀리는 책 1,박종은,위즈덤하우스,2024년 02월 21일,어린이(초등),10,9791171711451,148쪽,153 * 220 * 11,한국어,"['교과 연계', '역활', '띄어쓰기', '배기', '문법 설명', '타카']","귀여운 캐릭터와 중독성 높은 노래로 96만 구독자의 사랑을 받고 있는 빨간내복야코가 색다른 어린이 맞춤법 교양 툰을 선보인다. 맞춤법 강박 야코와 맞춤법 파괴자 사동이의 톡톡 튀는 카톡 대화를 통해 초등 필수 맞춤법을 자연스럽게 익힌다. 특히, 교과서에 나오는 초등 필수 맞춤법 중에서도 ‘붙이다 vs 부치다’, ‘역할 vs 역활’, ‘있다가 vs 이따가’처럼 어린이들이 직접 뽑은 헷갈리는 맞춤법 60가지를 담았다. 누적 조회수 500만 뷰 이상을 자랑하는 야코의 노래와 QR 코드로 만든 맞춤법 활동지까지 특별 수록하여 더욱 신나게 배울 수 있도록 했다."
54,해커스 토익 기출 VOCA(보카),David Cho,해커스어학연구소,2023년 07월 24일,외국어,9.7,9788965422785,566쪽,148 * 210,한국어,"['이디', '영어공부', '생성기', '영어학습', '해 커스 교재', '추가 혜택']",1. 토익 기출 보카 30일 완성! 2. 주제별 연상암기로 쉽고 재미있게 단어 학습 3. 최신 기출 단어 및 출제포인트 수록 4. 목표 점수대별 필수 단어로 맞춤 학습 가능 5. 출제율 높은 핵심 단어만 골라 효율적으로 학습 6. 토익 신유형 대비 〈토익 필수 이디엄 표현〉 수록 7. 실전 감각을 키우는 토익 실전문제 13회분 제공(교재 3회+온라인 10회)
55,영어필사 100일의 기적,퍼포먼스 코치 리아,넥서스,2023년 04월 25일,외국어,9.6,9791166835599,232쪽,정보 없음,한국어,"['이상 상처', '쳇바퀴', '후면', '루틴', '악당', '거짓말']","1. 영어 힐링 메시지를 매일 1장씩 필사한다. 2. 무료로 제공된 원어민 mp3를 출⦁퇴근 길에 수시로 듣는다. 당신은 당신 이야기의 영웅입니다. 당신은 당신 이야기의 영웅입니다. 이 이야기에 악당은 없습니다. 다만 이야기의 영웅은 스스로의 거짓말에 종종 묶여 있곤 합니다. 두려움이 더 이상 두렵지 않을 때, 상처가 더 이상 상처가 되지 않을 때, 어떤 감정도 더 이상 날 묶을 수 없을 때, 영어로는 “unbounded”, 비로소 자유를 누릴 수 있습니다. 아무리 해도 언제나 부족한 쳇바퀴에서 벗어나 당신에게 진정으로 가치 있는 것에 집중하고 만족스러운 삶을 만들어 갈 수 있습니다. 하루 10분, 차근차근 따라가다 보면 당신이 정말 원하는 그것을 찾아낼 수 있을 것입니다. -퍼포먼스 코치 리아 Leah Jean Kim -"
56,흐르는 강물처럼,셸리 리드,다산책방,2024년 01월 08일,소설,10,9791130649672,448쪽,142 * 210 * 39,한국어,"['사랑', '빅토리아', '남동생', '이모부', '수몰', '데뷔작']","인간이 운명을 어떻게 바라보며 살아야 할지 그 대답을 내놓는 아름다운 소설, 『흐르는 강물처럼』이 다산책방에서 출간되었다. 이 소설은 일찍부터 미국 현지 출판사들이 『가재가 노래하는 곳』을 이을 명작이 되리라고 점찍은 데뷔작이었다. 출판사는 작가에게 보낸 편지에서 이렇게 말했다. “우리는 훌륭한 책들에 굶주려 있다. 『흐르는 강물처럼』은 틀림없이 명작이 될 것이고, 전 세계의 북클럽을 떠들썩하게 하며 독자들을 사로잡을 것이고, 라디오와 스크린에서 회자되며 사랑받을 것”이라며 기대감을 아낌없이 드러냈다. 그 말을 실현하듯 『흐르는 강물처럼』은 출간 전 원고만 공개했는데도 17개국에 판권이 선 판매되었고, 정식으로 출간한 뒤에는 총 34개국에 수출되었다. 선데이타임스 베스트셀러 1위, 2023년 아마존 올해의 데뷔작 자리를 차지했고, 타임스, 가디언, 커커스, 리얼 심플 등 유수의 매체에서 추천도서로 선정되기도 했다. 또한 CJ ENM 산하의 미국 현지 제작사 피프스 시즌에서 영화화를 앞두고 있다. 이 소설은 자신이 아무것도 아닌 줄만 알았던 열일곱 살 소녀가 사랑의 환희와 상실의 고통을 온몸으로 감내하는 번데기 시절을 거쳐 비로소 나비가 되는 이야기다. 뒤돌아보지 않는 자연에서 배운, 거스를 수 없는 회복력으로 살아내는 주인공은 끝내 누구도 빼앗을 수 없는 결실을 거머쥔다. 시대가 흘러도, 사는 곳이 달라도 변치 않는 진실과 가치가 있다. 인간이 발 딛고 사는 곳이라면 어디나 ‘흐르는 강물처럼 살라’는 말이 무엇을 뜻하는지 공통의 함의에 도달할 수 있다. 이 소설은 1970년대에 실제로 수몰지구가 되어 물속으로 사라진 콜로라도의 역사적 사건을 담고 있지만, 장소와 시간을 언제 어디로 바꾸어 보더라도 독자는 거기서 자기 삶의 편린을 발견할 수 있을 것이다. 언어가 바뀌어도 뜻이 통하는 ‘흐르는 강물처럼(Go as a River)’이라는 관용구처럼."
57,예약판매 도올 주역 계사전,도올(김용옥),통나무,2024년 04월 11일,인문,,9788982641589,504쪽,172 * 244,한국어,['정보 없음'],"《주역》이란 쉼 없이 생성하고 변화하는 우주만물의 운행원리를 음양론에 따라 64개의 괘상과 384개의 효사로 쉽고 간략하게 상징화하여, 그것으로 천지간에 서있는 인간 삶의 복잡다단한 이치를 밝혀낸다. 이러한 주역을 총체적으로 이해할 수 있게 해설하고 설명하는 심오한 문헌이 〈주역 계사전〉이다. 공자의 저술이라고 하나 공문孔門의 제자들에 의해서 〈계사전〉은 완성되었다고 본다. 계사繫辭란 말씀辭을 매단다는 뜻이고, 《주역》에 말을 매달았다고 〈주역 계사전〉이다. 여기에는 주역이 만들어진 제작의도와 제작원리를 인류문명사의 실제와 연결시켜 설명하여 인간세에 발휘되는 주역의 공능과 효용을 밝혀준다. 또 언행言行과 우환憂患으로 대표되는 인간내면의 덕성을 함양시키고, 인간의 공적행위에 해당하는 정치사상과 사회의식까지를 고도의 철학적인 언어로 종합시키고 있다. 철학자 도올 김용옥이 이 〈주역 계사전〉의 원문을 심혈을 기울여 우리말로 옮기고, 위대한 계사의 철학을 장쾌하게 풀어낸다. 저자는 청년시절에 〈주역 계사전〉을 접하고 얻은 당시의 큰 깨달음을 지속적으로 숙성시켜 비로소 《도올 주역 계사전》이라는 이 역작을 완성하였다. 54년이 걸렸다. 이 책을 읽는 사람은 누구든지 한문으로 된 고전을 우리말로 옮기는 데 각고의 노력을 선도하여 온 도올의 학문여정의 그 피땀 어린 정성의 무게를 느낄 수 있을 것이다. 이 책 《도올 주역 계사전》은 20세기부터 우리민족이 힘써온 학문적 노력의 결실이다."
58,좋아하기 때문에,나태주,김영사,2024년 02월 29일,시/에세이,10,9788934956938,252쪽,143 * 205 * 23,한국어,"['투병', '발소리', '깽깽이풀', '시심', '푯대', '복수초']","한국인의 애송시 〈풀꽃〉으로 우리 가슴에 시(詩)꽃을 피운 나태주 시인이 ‘배안엣나이’ 여든을 기념한 산문집 《좋아하기 때문에》를 출간한다. 1,200매인 초고를 퇴고하며 600매로 추렸다. 1945년에 태어나 2024년에 이르기까지 80년 생각들을 그러모은 책이니 두툼한 한 권으로 엮을 수도 있지만, 담백하고 간결하게 꼭 전하고 싶은 이야기만을 실었다. 이 책에는 반세기 넘게 다듬은 시심(詩心)과 진심, 암 투병뿐 아니라 여러 죽을 고비를 넘기며 다잡은 근심과 중심, 이 세계를 이해하고 사랑하도록 이끄는 말소리와 발소리가 담겨 있다. 시인을 꿈꾸던 유년 시절과 청년 시절에서 43년간 아이들과 더불어 살던 교직 시절, 투병 시절을 거쳐 날마다 유언 같은 글을 쓰며 살아가는 오늘의 삶이 충만하게 녹아 있다. ‘좋아하기 때문에’란 갓난아이의 얼굴을 비빌 때 닿는 감촉 같은 말이다. 쓸쓸한 옆구리에 온기를 채우는 말이다. 잘 산다는 건 좋아하는 것이다. 시인은 “정말 그렇다”라고 말한다. 누군가를 원망하고 탓할 때 쓰는 말인 ‘때문에’ 앞에 ‘‘좋아하기’를 붙여보길 권한다. 눈싸움하던 내가 상대의 눈물을 닦아주는 일이 생길지도 모른다. 화산같이 폭발하는 세상이 뒷산같이 완만해질 수 있다. 삶을 고운 쪽으로 흘려보내고 싶은가. 갈등의 등불을 소등하고 싶은가. 생이 망가지지 않게 노력하는 한 사람의 사유를 느끼고 싶지 않은가. 그렇다면 이 책을 펼쳐보기를 바란다. 가슴속에 ‘좋은 무엇’이 풀꽃처럼 들어앉는 경험을 할 수 있을 것이다."
59,아이는 무엇으로 자라는가,버지니아 사티어,포레스트북스,2023년 12월 18일,가정/육아,9.5,9791193506202,256쪽,152 * 225 * 20,한국어,"['자존', '사티', '가정', '부모 자신', '청사진', '역할극']","★★★ 세계에서 가장 많이 읽힌 자녀교육 베스트셀러 세계적 가족 심리학자, 가족치료의 1인자 버지니아 사티어의 역작이자 누적 부수 100만 부를 돌파한 책 『아이는 무엇으로 자라는가(원제: The New peoplemaking)』가 국내에서 출간되었다. 유수의 언론과 아동, 청소년 전문 교육자와 심리학자들이 극찬하는 이 책은 1988년에 첫 출간된 이후 전 세계 15개국에 번역 출간되었으며, 오랫동안 아마존 베스트셀러의 자리를 지켜온 전설적인 육아의 바이블로 통한다. 세계적 가족 심리학자이자 가족치료의 1인자인 이 책의 저자 버지니아 사티어는 모든 부모에게, 육아를 할 때는 부모와 가정이라는 정체성부터 단단히 확립할 것을 강력히 권고한다. 좋은 나무가 좋은 열매를 만들 수 있다는 사실은 육아에도 그대로 적용되기 때문이다. “문제 있는 아이 뒤에는 문제 있는 가정이 있습니다. 아이를 자존감 높고 자립심 강한 사람으로 키우고 싶다면 부모 자신부터 먼저 그런 사람이 되어야 합니다. 이것이 바로 단 하나의 육아 원칙입니다.” 온갖 변수가 충돌하는 육아의 세계에서 아이를 한 인격체로 존중하지 못했다면, 주관 없이 남을 따라 유행을 좇아 아이를 길렀다면, 아이에게 언제 자유를 주고 언제 통제를 해야 할지 명확히 구분할 줄 몰라 방황했다면, 이제 전 세계가 인정한 양육 불변의 법칙을 따라가 보자. 그 모든 문제에 버지니아 사티어는 해답을 가져다줄 것이다."
60,느리게 나이 드는 습관,정희원,한빛라이프,2023년 12월 11일,건강,9.9,9791193080146,320쪽,146 * 212 * 27,한국어,"['테크', '아산', '둔근', '노쇠', '절식', '식사']","보통 ‘노화’라고 하면 주름진 얼굴, 굽은 허리, 느린 걸음걸이 같은 특징적인 모습을 떠올린다. 하지만 사람마다 얼굴과 성격이 다르듯 노화의 속도나 정도는 천차만별로 나타난다. 70세가 되었을 때 젊은 성인과 비슷하게 활기찬 삶을 영위하느냐, 침상에 누워 시간을 보내느냐의 차이는 지금부터의 내재역량 관리에 달렸다. 실제 미국의 성인 72만 명을 분석한 연구에서는 신체 활동, 식사, 수면, 사회관계, 스트레스 등의 생활 습관 요인에 따라 40세를 기점으로 남성은 24년, 여성은 21년의 수명 차이가 생긴다는 것이 밝혀지기도 했다. 백세 시대, 성공적인 인생 이모작은 몸과 마음이 젊은 상태, 내재역량이 충만한 상태일 때 가능하다. 생활 습관을 개선하면 단순히 가늘고 길게 사는 게 아니라 활력 넘치고 건강하게 오래 살 수 있다. 이 책은 생애 주기에 따라 생활의 요소를 조절해 노화 속도를 느리게 만들고 내재역량을 강화할 수 있는 구체적인 방법을 이야기한다. 책에서 소개하는 영양, 운동, 스트레스 및 정신 건강 관리법을 실천하면 누구나 아프지 않고 건강하게, 또래보다 느리게 나이 들 수 있다. 백세 시대, 성공적인 인생 이모작은 몸과 마음이 젊은 상태, 내재역량이 충만한 상태일 때 가능하다."
61,돈의 속성(300쇄 리커버에디션),김승호,스노우폭스북스,2020년 06월 15일,경제/경영,9.7,9791188331796,416쪽,130 * 190 * 28,한국어,"['부자되는법', '주식 시장', '종잣돈', '투자 원칙', '기대 수익', '경제철학']","2020ㆍ2021ㆍ2022ㆍ2023 4년 연속 최장기 베스트셀러 80만 깨어있는 독자들이 선택한 경제경영 필독서 『돈의 속성』 ▶ 『돈의 속성』 300쇄 기념 개정증보판 발행! ▶ 『돈의 속성』 300쇄 기념, 김승호 회장의 추가 메시지를 담다! ▶ 중국, 일본, 대만, 태국 4개국 출간! 이 책은 초판 발행 후, 경제경영 필도서로 자리매김한 『돈의 속성』 300쇄 기념 개정증보판이다. 300쇄에 맞춰 코로나19로 바뀐 경제상황과 돈에 관한 김승호 회장의 추가 메시지를 담았다."
62,퍼스널 MBA(10주년 기념 증보판),조시 카우프만,진성북스,2024년 01월 25일,경제/경영,9.7,9788997743605,정보 없음,정보 없음,한국어,"['비즈니스', '멘탈', '버핏', '워런', '다국적 기업', '레버리지']","《퍼스널 MBA》는 필자가 수천 권이 넘는 경영 서적을 읽고, 수백 명의 경영 전문가를 인터뷰하고, 〈포춘〉지 선정 세계 500대 기업에서 일한 뒤, 1인 사업체서부터 수십만 명의 직원과 수십억 달러의 매출 규모를 지닌 다국적 기업에 이르기까지 다양한 기업을 컨설팅하며 배우고 경험한 지식을 모으고 정제하여 다듬은 뒤 몇 가지 개념으로 정리한, 경영 전반에 대한 핵심을 한 권에 집대성한 책이다. 이후 10년의 세월이 지나 새롭게 깨달은 내용이 추가된 10주년 기념 증보판이 출간되었다. 성공적인 사업을 지속하기 위해서는 어느 한 부분의 탁월성만으로는 부족하다. 경영에는 가치창조, 마케팅, 영업, 유통, 재무회계, 인간의 이해, 인적자원 관리, 전략을 포함한 경영관리 시스템 등 모든 부분의 지식과 경험 그리고 통찰력이 필요하다. 그러나 저자는 이 방대한 경영학을 모두 섭렵할 필요가 없으며, 단지 각각의 경영원리를 구성하고 있는 멘탈모델(Mental Model)을 제대로 익힘으로써 성공적인 사업이 가능하다고 강조한다. 세계 최고의 부자인 빌 게이츠, 워런 버핏과 그의 동업자 찰리 멍거를 비롯한 수많은 기업가가 이 멘탈모델을 통해서 비즈니스를 시작하고, 또 큰 성공을 거두었다. 이 책에서 제시하는 경영의 핵심 개념을 통해 독자들은 경영의 멘탈모델을 습득하게 될 것이다."
63,물고기는 존재하지 않는다,룰루 밀러,곰출판,2021년 12월 17일,과학,9.5,9791189327156,299쪽,정보 없음,한국어,"['과학이야기', '다윈', '스탄', '데이비드', '생명체', '모험담']","“저의 바람은 당신이 이 책을 읽고 난 뒤 이전과는 조금 다르게 세상을 바라보는 것이에요.”_룰루 밀러 ‘방송계의 퓰리처상’ 피버디상 수상자 룰루 밀러의 사랑과 혼돈, 과학적 집착에 관한 경이롭고도 충격적인 데뷔작! 집착에 가까울 만큼 자연계에 질서를 부여하려 했던 19세기 어느 과학자의 삶을 흥미롭게 좇아가는 이 책은 어느 순간 독자들을 혼돈의 한복판으로 데려가서 우리가 믿고 있던 삶의 질서에 관해 한 가지 의문을 제기한다. “물고기가 존재하지 않는다는 것은 엄연한 하나의 사실이다. 그렇다면 우리는 또 무엇을 잘못 알고 있을까?” 하고 말이다. 누군가에게는 이 질문이 살아가는 데 아무런 영향을 미치지 않을 수도 있다. 하지만 세상을 바라보는 “진실한 관계들”에 한층 가까이 다가가기 위해 노력하는 사람들에게는 분명 이 책이 놀라운 영감과 어느 한쪽으로도 치우치지 않는 폭넓은 시야를 제공해줄 것이다. 《물고기는 존재하지 않는다》는 세계라는 거대한 구조 속에서 ‘물고기는(그리고 우리는) 어떤 존재인가’에 관해 우리의 관념을 뒤집어엎으며 자유분방한 여정을 그려나간다. 사랑을 잃고 삶이 끝났다고 생각한 그 순간 ‘데이비드 스탄 조던’을 우연히 알게 된 저자는 그가 혼돈에 맞서 싸우는 것을 전혀 두려워하지 않는 모습에 매혹되어 그의 삶을 추적해나가기 시작한다. 저자 역시 이 세계에서 “혼돈이란 ‘그런 일이 일어난다면’의 가정의 문제가 아니라 ‘언제 일어나는가’의 시기의 문제”이며, 어느 누구도 이 진리를 피할 수 없다고 생각해왔기 때문이다. 하지만 조던의 이야기는 독자들을 전혀 예상하지 못한 곳으로 이끌며, 이윽고 엄청난 충격으로 우리의 눈을 번쩍 뜨이게 만든다. 룰루 밀러가 친밀하면서도 독특한 방식으로 들려주는 이 책은 과학에 관한 고군분투이자 사랑과 상실, 혼돈에 관한 이야기다. 나아가 신념이 어떻게 우리를 지탱해주며, 동시에 그 신념이 어떻게 유해한 것으로 변질될 수 있는지를 알려준다. 이 책 속 의문들을 하나하나 파헤쳐나가다 보면 독자 여러분도 그 이면에 숨겨져 있는 더 깊고 더 특별한 인생의 비밀 한 가지와 만나게 될 것이다."
64,비트코인 슈퍼 사이클,신민철(처리형),거인의정원,2024년 01월 25일,경제/경영,9,9791198252487,288쪽,153 * 226 * 24,한국어,"['개인 투자자', '현물', '폭락', '실전 투자', '저점', '상승']","★★★ 수십억 원 비트코인을 모으며 깨달은 마법의 비트코인 투자법! ★★★ 매수 타이밍, 매도 가격, 보유 기간별 수익률 등 현실적인 반감기 투자 전략 AtoZ ★★★ 반감기마다 비트코인 가격 평균 220배씩 상승, 4차 반감기는 인생 최고의 기회! 수년 전과 비교했을 때 이제 비트코인을 모르는 사람은 거의 없다. 사기꾼, 투기, 도박이라는 온갖 오명으로 물들었던 비트코인의 역사는 2024년 미국 현물 ETF 승인을 통해 전환점을 맞이했다. 드디어 제도권의 품 안에 들어온 비트코인, 이제 남은 최대 이슈는 반감기다. 책의 저자 처리형(신민철)이 30대에 경제적 자유를 이룬 비결을 미국주식이었다. 그런 그가 올해 가장 폭발적으로 상승할 것이라 예상하는 자산이 바로 비트코인이다. 그 또한 자산의 대부분을 비트코인으로 바꿔둘 정도다. 특히 2024년에는 비트코인 4차 반감기가 있고, 이 반감기는 수요 공급의 원리에 따라 가격이 상승할 수밖에 없는 구조적인 특징이 있기 때문에 특히 더 중요하다. 비트코인에 대한 어떠한 인문학적 소양이나 기술적 이해 없이도 이 책을 통해 비트코인 사이클 투자의 원리를 익히고, 나아가 2년 안에 경제적 자유를 이룰 수 있기를 바란다."
65,"만화 그리스 로마 신화 38: 아테네와 스파르타, 두 태양의 대결",박시연,아울북,2024년 03월 27일,어린이(초등),10,9788950941635,168쪽,194 * 265 * 14,한국어,['정보 없음'],정보 없음
66,무례한 친구가 생겼어요,크리스티나 퍼니발,리틀포레스트,2024년 02월 21일,유아(0~7세),9.8,9791193506332,44쪽,정보 없음,한국어,"['이은경', '마음 한구석', '금상', '문화 사회', '휠체어', '피부색']","어느 날 새로운 학교로 전학 가게 된 주인공 지니. 새로운 친구들을 만날 생각에 설레기도, 긴장되기도 합니다. 하지만 괜찮아요. 지니에게는 ‘특별한 비법’이 있거든요. 그 비법으로 지니는 단숨에 새 학교의 인기 만점 친구가 되었습니다. 지니와 친구가 된 아이들은 입을 모아 말해요. “지니는 누구에게나 다정하고 친절해요!”, “지니는 용감하고 씩씩해요!” 하지만 모두가 지니를 좋아하는 것은 아니었어요. 지니를 이유 없이 미워하는 한 친구가 있었답니다. 지니는 그 친구와 잘 지내기 위해 노력하지만 그 아이는 끊임없이 지니를 괴롭히고 못살게 굴어요. 늘 밝고 자신감 넘치던 지니는 어느새 그 친구 앞에만 서면 한없이 작아지고 마음 한구석이 따끔따끔 불편해요. 사실은 이 친구와 놀고 싶지 않은데요, 친구와는 사이좋게 지내야 하는 거잖아요. 앞으로 지니는 어떻게 해야 좋을까요? 아무리 친하다고 해도 친구 사이에는 지켜야만 하는 선, ‘경계’가 있어요. 그 선을 지키지 않는 친구를 ‘무례하다’라고 하지요. 무례한 친구에게 경계선을 긋는 것은 친구에게 화를 내는 것도, 싸우는 것도 아니에요. 내가 원하는 것과 원하지 않는 것을 표현하는 수단으로 나를 지키고 존중하는 일이지요. 이제 이야기 속 주인공 지니와 함께 무례한 친구에게 화내지 않고, 울지 않고, 단호하게 내 생각을 전달하는 법을 연습해 보세요."
67,보편의 단어,이기주,말글터,2024년 01월 11일,시/에세이,9.6,9791195522170,288쪽,115 * 189 * 25,한국어,"['밀리언셀러', '건사', '버팀목', '감정 소모', '애증', '시소']","사람은 누구나 마음을 누일 곳이 필요하다. 아무리 내면이 강인한 사람도 홀로 감당하기 힘든 고난을 겪으면, 친밀한 타인이나 눈에 익은 무언가에 마음을 기대기 마련이다. 실로 그렇다. 삶이 흔들리는 순간 우리의 마음을 지탱해주는 건 낯설고 화려한 것이 아니라 우리 곁에 있는 익숙하고 평범한 것들이다. 예컨대 우리가 일상에서 자주 읽고 쓰고 말하고 떠올리는 보편의 단어야말로 삶을 떠받치는 든든한 버팀목이 되어줄지 모른다. 입소문이 만든 밀리언셀러 『언어의 온도』와 스테디셀러 『말의 품격』으로 폭넓은 독자층을 확보한 이기주 작가가 신작 산문집 『보편의 단어』를 들고 우리 곁을 찾아온다. 그간 섬세한 시선으로 일상에 숨겨진 삶의 본질을 길어 올린 이기주 작가는 이번엔 우리가 무심코 사용하는 평범한 단어들을 집요하게 파고들며 사랑과 미움, 행복과 불행, 희망과 후회, 생명과 죽음 등에 대해 근본적인 질문을 던진다. 작가가 행간에 심어놓은 묵직한 질문을 이정표 삼아 책 속의 길을 산책하다 보면, 각자의 삶을 떠받치는 단어가 무엇인지, 그리고 그 안에 깃든 삶의 풍경이 어떠한지를 새삼 돌아볼 수 있을 것이다."
68,데일 카네기 자기관리론(국내최초 초판 무삭제 완역본),데일 카네기,현대지성,2021년 01월 13일,자기계발,9.8,9791191280333,424쪽,150 * 225 * 30,한국어,"['성공', '힐링', '인생', '감정', '워런 버핏', '돈 걱정']","현대지성에서는 출간 즉시 베스트셀러가 된 『데일 카네기 인간관계론』에 이어 저자의 또 다른 역작 『데일 카네기 자기관리론』을 펴냈다. 이 책은 국내에서 유일하게 1948년 초판의 10부까지 고스란히 담은 ‘오리지널’ 초판 완역본이다. 벼락을 맞아도 끄떡없고, 숱한 폭풍우를 꿋꿋이 견뎌낸 아름드리 고목이 사람의 손가락 마디만 한 딱정벌레의 공격을 받아 맥없이 쓰러진다. 사자도 함부로 덤비지 못할 만큼 전투력이 강한 코끼리가 꿀벌의 가느다란 침에 속수무책으로 당한다. 우리 인생도 다르지 않다. “개미구멍 하나가 큰 제방 둑을 무너뜨린다”라는 속담처럼 사소한 걱정에 쉽게 마음을 내주어 인생을 망치는 사람이 수두룩하다. 걱정은 내일의 슬픔을 덜어주지 않고 도리어 오늘 살아갈 힘을 앗아가기에, 걱정이 인생을 좀먹도록 내버려둔다면 언젠가 큰 대가를 치르게 된다. 베스트셀러 『인간관계론』 저자인 데일 카네기는 성인들에게 화술과 인간관계를 가르치는 동안 ‘걱정’이 모든 인생 문제의 주원인이자 자기관리의 핵심 요소임을 깨달았다. 그래서 ‘걱정을 멈추고 새로운 인생을 사는 법’을 교육하기로 마음먹었다. 하지만 문제가 생겼다. 교과서로 삼기에 적합한 책을 찾을 수 없었던 것이다. 결국 직접 쓸 수밖에 없었다. 이것이 또 한 권의 세계적인 베스트셀러가 탄생하게 된 배경이다. 그는 동서고금의 온갖 자료를 샅샅이 훑으면서 각 분야의 전문가에게 조언을 들었다. 뿐만 아니라 170여 개 도시에서 열린 강좌를 ‘걱정 극복 실험실’로 삼아 수많은 사례를 수집하고 분석한 끝에 ‘마법의 공식’을 도출했다. 준비 기간 포함 7년에 걸쳐 집필한 이 책에는 걱정을 떨쳐내게 해줄 모든 지혜가 간결하고도 명확하게 담겨 있다. 또한 각계각층의 명사들 및 평범한 이웃들의 생생한 사례와 함께 당장 적용할 수 있는 구체적인 해결책을 제시했다. 모두 그가 활동하던 20세기 초부터 한 세기에 걸쳐 효과가 입증된 방법들이다. 걱정 없이 살게 해줄 가장 적실하고 효과적인 실행법을 수록한 이 책은 카네기의 또 다른 역작 『인간관계론』과 함께 자기계발서의 원전(原典)으로 손꼽힌다. 지금의 나를 넘어 보다 행복한 인생을 꿈꾼다면, 핵심을 콕콕 집어 전달하면서 무기력한 일상을 깨우고 변화의 길로 이끄는 카네기의 조언에 귀를 기울여보자. “나는 데일 카네기에게 인생에서 가장 중요한 것을 배웠다.” _워런 버핏"
69,하루 한 장 나의 어휘력을 위한 필사 노트,유선경,위즈덤하우스,2024년 03월 28일,인문,9.4,9791171711673,372쪽,155 * 218 * 30,한국어,['정보 없음'],"《하루 한 장 나의 어휘력을 위한 필사 노트》는 《어른의 어휘력》으로 대중에게 어휘력과 문해력이라는 화두를 던진 유선경 작가의 첫 필사 책이다. 전작에서 ‘어휘력으로 세상을 인식하는 통찰을 제공’했다면 이 책에서는 어휘력과 문장력, 문해력을 끌어올리는 구체적인 방법 ‘필사’를 소개한다. 특히 어휘력은 책 읽기만으로 향상되기 힘들다고 지적하며, 어휘력을 기르는 구체적인 방법과 그에 따른 필사 가이드를 단계별로 세세하게 공유한다."
70,사랑인 줄 알았는데 부정맥,전국유로실버타운협회,포레스트북스,2024년 01월 17일,시/에세이,9.4,9791193506073,123쪽,정보 없음,한국어,"['걸작선', '입선작', '권사', '웃음바다', '에이코', '마음 한쪽']","‘센류’는 일본의 정형시 중 하나로 5-7-5의 총 17개 음으로 된 짧은 시를 말한다. 이 책에서 소개하는 어르신(노인)들의 일상과 고충을 유쾌하게 담아낸 ‘실버 센류’는 전국유료실버타운협회의 주최로 2001년부터 매해 열리는 센류 공모전의 이름이기도 하다. 무려 11만 수가 넘는 센류 응모작 중에 선정된 걸작선 여든여덟 수를 추려 담았다. 나이를 먹는 것은 누구나 가는 길을 걷는 일이다. 기쁜 일로만 가득한 건 아닌 오르막과 내리막이 있고, 울퉁불퉁한 길이지만 '내려갈 때 보았네. 올라갈 때 보지 못한 그 꽃'이란 시의 구절처럼 나이를 먹었기에 보이는 풍경도 분명 있다. 『사랑인 줄 알았는데 부정맥』은 초고령 사회의 축소판이자 메시지집이다. 독자들이 이 작품을 통해 이른바 실버 세대인 어르신과의 생활을 더욱 친근하게 느낄 수 있기를 바란다."
71,오십에 읽는 손자병법,최송목,유노북스,2024년 02월 28일,인문,9.4,9791171830114,328쪽,142 * 210 * 24,한국어,"['약세', '강세', '지피지기', '인생 전략', '구간', '변곡점']","춘추 시대의 패권국 초나라를 격파하고 오왕 합려를 중원의 패자로 이끈 최고의 전략가, 손자가 말했다. “상대의 변화와 상황에 맞춰 승리를 쟁취하라(能因敵變化而取勝, 능인적변화이취승)”. 속임수와 기습이 난무하는 전쟁에서 빠르게 상황을 파악하고 변화를 꾀하는 것은 승리하여 살아남기 위한 필수 전략이다. 이는 현시대의 오십 대에게도 마찬가지다. 오십부터는 퇴직, 재취업, 사업, 부부, 자녀, 건강 등 미처 대비하지 못한 변수에 인생이 휩쓸리기 쉽다. 이때 스스로 변화하느냐 그러지 않느냐로 삶의 변곡점에서 상승하는 사람과 기울어지는 사람이 갈린다. 오십 이후는 변화의 여부가 앞으로의 인생을 결정한다. 그렇다면 오십은 어떻게 변화해야 하는가? 그 방법이 《손자병법》에 담겨 있다. 혼란한 춘추 전국 시대, 손자는 “지피지기 백전불태(知彼知己 百戰不殆)”를 기조로 총 13편의 병법을 모았다. ‘상대를 알고 나를 알면 백 번 싸워도 위태롭지 않다’는 의미다. 오십이 인생의 다중 위험 구간에 이르러 가장 먼저 해야 할 것도 지피지기다. 자신을 둘러싼 변화의 흐름을 읽고 자신을 어떻게 바꿔야 하는지 파악한다는 것은 곧 위태로움을 멀리한다는 말이다. 더 나아가 《손자병법》에 담긴 지혜와 통찰을 통해 오십 이후의 전략을 새롭게 마련한다는 것은 어떠한 상황에서도 지지 않음을 의미한다. 《오십에 읽는 손자병법》은 오십을 위한 인생 병법서로, 2,500년 전의 전쟁 전략으로부터 오십 이후에 필요한 핵심 전략 39수를 뽑았다. 이를 현대적인 사례와 함께 재해석했다. 이 책을 통해 자신을 둘러싼 상황과 자신에게 필요한 변화를 읽는 법부터 내게 유리한 길을 찾기 위한 전략을 세우는 법, 복잡한 감정들을 현명하게 다루는 법, 인간관계에서 이익을 나누며 공존하는 법, 약세로 진입하는 인생을 다시 강세로 전환하는 법을 배울 수 있다. 오십, 이제 막 인생의 오후가 시작됐는데 마치 경기 종료 휘슬이라도 울린 것처럼 기울어질 앞날을 걱정하고는 한다. 급변하는 삶에서 중심을 잡으려면, 내게 유리한 길을 찾으려면, 미래를 편안한 마음으로 맞이하려면 내일은 어제와 다르게 살아라. 오십, 인생이라는 승부처에서 비로소 승리를 거둘 수 있을 것이다."
72,"2024 큰별쌤 최태성의 별별한국사 한국사능력검정시험 심화(1, 2, 3급)(상)",최태성,이투스북,2023년 12월 01일,인문,9.8,9791138919999,324쪽,300 * 224 * 18,한국어,"['기출 선택지', '단권', '백제 신라', '최근 시험', '역사 지도', '무료 강의 제공']","오랜 연구와 검증으로 한국사에 기초가 전혀 없는 사람도 단기간에 한능검에 합격할 수 있는 최적의 구성을 완성하였습니다. 판서의 장인 큰별쌤 최태성이 핵심만을 모아 만든 아트 판서를 수록하고, 시험에 자주 등장하는 사료, 사진, 지도 등을 모아 해설하여 합격을 위한 필수 개념을 익히기 쉽게 하였습니다. 또한, 한능검 기출문제를 모두 분석한 후, 기출 선택지를 이용한 별 채우기 문제를 수록하여 자연스럽게 기출 선택지가 기억될 수 있도록 하였고, 반복적으로 출제되는 주제의 최신 기출문제를 꼼꼼하고 친절한 해설과 함께 담아 실전에 대비할 수 있도록 하였습니다. 여기에 한국사 연표와 지역의 역사를 담은 지도를 통해 한국사 흐름잡기가 더욱 쉬울 것입니다. 제시된 이미지는 책의 뒷표지입니다. 〈2024 큰별쌤 최태성의 별별한국사 한국사능력검정시험 심화(1·2·3급) 상〉의 앞표지는 일본군 '위안부' 역사관 지원을 함께 해주신 최태성 1, 2TV 별님들로 구성되었습니다."
73,내가 알고 있는 걸 당신도 알게 된다면(리커버 에디션),칼 필레머,토네이도,2022년 09월 13일,자기계발,9.8,9791158511432,380쪽,144 * 212 * 27,한국어,"['미래학자', '결혼', '삶의지혜', '다니엘', '프리드먼', '조언']","우리는 매일 버거운 삶을 살아간다. 그 버거운 삶을 조금이라도 덜어내고자 우리는 유명작가의 책을 읽고, 전문가들의 강연에 참석하고, SNS를 통해 수많은 사람들의 목소리에 귀를 기울인다. 그럼에도 인생의 지혜에 대한 갈증은 좀처럼 해소되지 않는다. 노력과 정보, 의지와 열정이 부족해서일까? 행복한 인생을 살기엔 가진 게 너무 없어서일까? 그도 저도 아니면, 인생의 참된 지혜란 처음부터 존재하지 않는 것일까? 지난 30년간 ‘인간과 삶의 가치’에 대해 연구해온 이 책의 저자 칼 필레머 코넬대 교수 또한 이 같은 의문과 회의에 깊이 천착했다. 그리고 마침내 책과 명성, 권위 속에 기록된 지혜가 아니라 생생한 현실에 뿌리박은 지혜, 세월의 모진 풍파를 견뎌낸 지혜, 땀냄새가 물씬 풍겨나는 지혜의 원천을 찾는 데 성공했다. 우리가 그토록 원하는 지혜의 샘은 바로 우리 이웃에 함께 살고 있는 ‘현자들’이었다. 우리보다 더 많은 시간을 살았고, 더 많은 시간을 고민했고, 더 많은 시간을 웃고 울었던, 그래서 우리보다 더 빨리 인생의 참된 지혜를 얻은 70대 이상의 ‘할아버지, 할머니’. 그들이야말로 우리가 읽고 듣고 이야기를 나눠야 할 진정한 멘토이자 스승이자 탁월한 인생 선배들이었다. 칼 필레머 교수는 2006년부터 지금까지 70세 이상 인생을 산 1000여 명의 현자들을 직접 찾아다니며 통찰 깊은 조언을 구했다. ‘지금껏 살면서 얻은 가장 소중한 것은 무엇인가?’라는 질문을 통해 우리가 꼭 알아야 할 인생의 지혜와 조언들을 발굴해냈다. 그가 만난 현자들의 삶은 모두 합쳐 8만 년에 달했다. 그들은 3만 년의 결혼생활을 지켜왔고, 3000명의 아이를 키워냈다. 이 엄청난 시간의 퇴적층에서 발굴된 보석 같은 교훈들을 칼 필레머 교수는 이 책에 생생하게 담았다. 그는 자신의 연구에 ‘인류 유산 프로젝트’라는 이름을 붙였다. ‘인생의 모든 길을 직접 걸어본 사람들의 경험과 조언이야말로 우리가 물려받아야 할, 그리고 전해주어야 할 인류의 빛나는 유산’이라는 뜻이었다. 그의 ‘인류 유산 프로젝트’는 전세계적 관심을 받았다. 아울러 그 결과를 담은 이 책 《내가 알고 있는 걸 당신도 알게 된다면》 또한 출간 즉시 아마존 베스트셀러에 오르면서 글로벌 언론과 석학들의 강력 추천을 받았다. 〈뉴욕 타임스〉 〈CNN〉 〈워싱턴 포스트〉의 대대적 서평, 라이브러리 저널이 선정한 ‘2011년 최고의 책’, 세계적 미래학자 다니엘 핑크가 “2012년에 가장 감동 깊게 읽은 책, ‘오래된 미래’를 경험할 수 있는 책”으로 극찬한 도서 《내가 알고 있는 걸 당신도 알게 된다면》이 출간 10주년을 맞이해 리커버 에디션으로 돌아왔다. 우리가 늘 인생에 대해 고민하는 것은 ‘답’을 몰라서가 아니다. 우리 삶의 미래가 어떻게 펼쳐질지를 모르기 때문이다. 따라서 우리는, 우리의 미래를 알고 있는 현자들의 목소리에 귀 기울여야 한다. 그들은 그들이 이 세상에서 사라지기 전에 자신들이 모든 삶의 길을 통해 알아낸 것을, 우리가 지금 알게 되기를 진심으로 소원한다. 그것이 곧 이 세상을 살아가는 우리의 의무이자 축복이기 때문이다. 이 책을 통해 그들은 한 목소리로 다음과 같이 말한다. “아쉬운 게 있다면 오직 하나, 이 사실을 60대가 아닌 30대에 알았더라면 하는 거야. 그랬다면 이 세상에서 즐길 수 있는 삶이 몇 십 년은 더 있었을 텐데. 이것이 젊은 사람들에게 해주고 싶은 마지막 말이라네.”"
74,원씽(The One Thing)(60만 부 기념 스페셜 에디션),게리 켈러,비즈니스북스,2013년 08월 30일,자기계발,9.7,9788997575169,280쪽,정보 없음,한국어,"['자기관리', '신사임당', '살아라', '자기혁신', '월스트리트', '도미노']","2022, 2023년 연이어 종합 베스트셀러에 선정된《원씽》이 국내 60만 부 판매를 기념하여 스페셜 에디션으로 탄생했다! 수많은 언론과 매체, 인플루언서들이 연이어 《원씽》을 다시 찾아 읽고 강력하게 추천하는 이유는 무엇일까? 오늘 날, 많은 사람이 멀티 태스킹의 환상을 가지며 동시에 여러가지 일을 잘 해내고 싶어한다. 하지만 실제 부와 성공을 거머쥔 이들의 이야기를 들어보면 다르다. 인플루언서 자청, 신사임당은 한 방송에서 100억을 벌게 만든 책으로 《원씽》을 꼽으며, 진짜 원하는 것을 이룰 수 있는 ‘단 하나’가 무엇인지 고민하자 성공의 길이 열리기 시작했다고 밝혔다. 모든 것을 동시다발적으로 해내길 바라는 사회에서 《원씽》이 주는 특별한 교훈은 우리가 지치거나 포기하지 않고 목표를 향해 앞으로 나아가는 힘이 되어준다. 성공은 도미노처럼 작동한다. 성공한 사람들은 ‘성공에 필요한 일’이 무엇인지 알아내고 그 ‘단 하나의 일’을 순서에 맞게 진행한다. 첫 번째 일을 제대로 해내면, 도미노가 쓰러지듯 더 큰 성공의 길이 이어진다. 이렇게 차근차근 ‘단 하나의 일’을 해내다보면 어느새 더 크고 위대한 성공을 이루게 된다. 스스로 자기 인생의 ‘단 하나’, 즉 이 책이 말하는 ‘원씽’을 찾아낼 수만 있다면 누구나 부와 성공을 거머쥘 수 있다. 이 책은 누구나 자신만의 ‘원씽’을 찾을 수 있도록 도와주며 미래의 청사진을 그리고 계획을 세우는 방법과 반드시 목표를 이룰 수 있는 노하우를 전해준다. 특히 이번 리커버는 하드 커버로, 《원씽》의 메시지를 간직하고자하는 독자들에게 그 무엇보다 특별한 선물이 될 것이다. 인생에서 가장 중요한 '단 하나'를 찾는 여정을 시작하자. 준비는 이 책 한 권과 심호흡 한 번이면 충분하다. -최지은(교보문고 자기계발 MD)"
75,생각이 너무 많은 어른들을 위한 심리학(10만 부 기념 스페셜 에디션),김혜남,메이븐,2023년 09월 25일,인문,9.8,9791190538602,320쪽,146 * 210 * 27,한국어,"['부정', '황금 비율', '감정 기복', '이상 고민', '대부분 자신', '이때 중요']","30만 독자의 공감을 얻은 《만일 내가 인생을 다시 산다면》의 작가 김혜남이 생각이 너무 많아 자꾸만 머뭇거리고 흔들리는 어른들에게 해 주고 싶은 말들을 담은 책이다. 30대를 어떻게 보내느냐에 따라 40대 이후의 삶은 정말 많이 달라진다. 그만큼 30대에는 향후 인생을 좌우하는 중요한 결정들을 많기 때문에 선택에 신중을 기할 수밖에 없다. 하지만 문제는 생각이 많아질수록 긍정적인 생각보다 부정적인 생각을 더 많이 하게 되며, 한번 부정적인 생각을 시작하면 멈출 줄을 모른다는 것이다. 저자는 지난 30여 년 동안 정신분석 전문의로 일하며 수많은 환자들을 만나 왔다. 그들은 대부분 자신과 타인, 세상에 대해 부정적이었다. 그리고 사랑받을 만한 가치가 없는 사람이라며 스스로를 비하하고, 내일이 오지 않았으면 좋겠다고도 했다. 그런데 놀랍게도 그들은 정신분석 치료를 받으며 매번 부정적인 생각을 하게 되는 원인을 찾아냄으로써 캄캄한 동굴을 스스로 빠져나왔다. 그러므로 사소한 일들을 할 때조차 걱정과 고민이 너무 많다면, 이제는 매번 자신의 발목을 붙잡고 놔주지 않으며, 꼼짝도 못 하게 만드는 것이 무엇인지를 찬찬히 들여다봐야 할 때다. 부정적인 생각을 하게 되는 근본 원인을 찾아 그것을 해결해야만 생각의 함정에 빠지지 않을 수 있고, 좀 더 후회 없는 인생을 만들어 갈 수 있기 때문이다. “완벽한 때는 결코 오지 않는 법이다. 그러니 더 이상 고민만 하지 말고 무엇이든 해 보라. 그것이 당신의 인생을 단단하게 만들어 줄 것이다.” 그밖에도 책에는 30년 동안 만나온 수많은 환자들의 삶에서 길어 올린 인생에 대한 통찰, 그리고 두 아이의 엄마, 시부모님을 모시고 사는 며느리, 한 남자의 아내에서 두 손주의 할머니가 되기까지의 경험들을 토대로 전하는 진솔한 인생 조언 47가지가 담겨 있다. 2011년 출간된 《어른으로 산다는 것》이 독자들의 입소문으로 10만 부 베스트셀러가 된 것을 기념해 펴낸 전면 개정증보판이다."
76,김재우의 영어회화 100,김재우,상상스퀘어,2023년 07월 05일,외국어,9.7,9791192389172,339쪽,정보 없음,한국어,"['동사', '이용', '상황 표현', '핵심 표현', '전치사', '대한민국 사람']","“정말 많은 분이 영어가 입으로 나오지 않아 답답해 하는 걸 가까이서 오랫동안 봐 왔습니다. 시간 투자 대비 너무 가성비가 안 좋은 겁니다. ‘왜 한 만큼 늘지 않을까? 왜? 도대체 왜 이래야 되는데?’ 그 이유를 알기 위해 오랫동안 한국인들의 영어 패턴을 집중적으로 관찰했습니다. 그리고 어느 순간 본질적으로 한국인들의 영어가 늘지 않는 이유를 알게 되었습니다. 지금 내 영어 실력이 늘지 않는 문제점과 원인을 정확히 알아야 시행착오를 줄일 수 있습니다. 제가 가르친 많은 학습자의 영어 실력이 확실하게 느는 것을 보며 확신할 수 있었습니다. 영어 공부에 지쳤던 분들이 헛 힘을 쏟지 않도록 도와드리겠습니다. 대한민국 사람의 영어회화 실력은 ‘김재우의 영어회화 시리즈’의 출간 전과 후로 나뉜다는 말이 나올 수 있도록 불철주야 뛰어보겠습니다.” - 김재우 《김재우의 영어회화 100》은 단 한 번도 영미권 국가에서 생활해 본 적 없이 순수 국내에서만 공부하고도 원어민이 놀라는 영어 실력을 구사하는 김재우 선생님의 20여 년간에 걸쳐 다듬어 온 영어 콘텐츠의 정수를 담은 책이다. 무엇보다 대한민국의 영어 학습자들이 직면하는 '고비용 저효율 영어 학습'의 악순환을 끊고, 성공적인 영어 학습 스토리를 만들어가려는 저자의 의지와 열망이 담겨 있다. 대한민국 영어 학습자가 직면하는 주요 문제들을 해결하기 위한 실질적인 해결책을 제시하며, 저자 자신의 경험과 성공적인 영어 습득 사례를 바탕으로 영어 회화 실력 향상을 위해 중요한 요소들을 집중적으로 다루었다. 원어민이 입에 달고 사는 패턴과 표현을 최대한 농축함으로써 100일이라는 기간 동안 학습 효과를 극대화할 수 있도록 구성되어 있으며, 각 DAY별 내용은 다음과 같다. 〈DAY별 대표 표현〉에서 회화 실력을 한 단계 업그레이드할 핵심 표현을 제시한다. 〈김재우 쌤의 영어 관찰 일기〉에서는 오늘의 표현이 어떤 상황에서 어떻게 사용되는지 실제 예를 통해 한국인 영어 학습자들이 헷갈릴 수 있는 포인트를 딱 짚어 준다. 이를 바탕으로 MODEL EXAMPLES의 예문을 통해 오늘의 표현을 익히고 우리말과 영어의 어감 차이를 알 수 있다. SMALL TALKS에서는 어떤 영어회화책에서도 볼 수 없는 생생하게 살아있는 대화문을 만날 수 있다. 그뿐만 아니라 비즈니스 이메일, 카카오톡 메시지, 인스타그램 DM 등 일상생활에서 사용하는 소통 매체에서 해당 표현이 어떻게 쓰이는지 CASES IN POINT를 통해 확인할 수 있다. 마지막 FURTHER STUDIES에서는 각 DAY별 핵심 표현과 관련된 어휘나 표현을 확장하여 심화 학습함으로써 실력을 한 단계 더 업그레이드 할 수 있고, WORD BANK에서 각 DAY별 주요 어휘와 표현을 익힐 수 있다. 책 속에 부록으로 제공되는 〈미니북〉은 한 손에 쏙 들어오는 휴대용 책으로 DAY별 대표 표현을 복습하고 MODEL EXAMPLES 예문만 따로 연습할 수 있다. 특히 우리말을 영어로 표현해 보는 영작 연습으로 활용할 수 있다. 원어민처럼 말하는 진짜 영어, 《김재우의 영어회화 100》의 모든 문장과 대화문을 ‘툭’ 치면 바로 나올 수 있게 완벽하게 외운다면 “어, 영어 말하기가 한결 편안해졌네!”라는 말이 절로 나올 것이다."
77,혼자일 수 없다면 나아갈 수 없다,프리드리히 니체,포레스트북스,2024년 03월 14일,인문,9.4,9791193506387,260쪽,131 * 188 * 21,한국어,"['운명애', '아모르 파티', '살아라', '자신', '영원회귀', '편두통']","“니체라는 산맥을 넘어서지 않고는 현대를 만날 수 없다”라는 미셸 푸코의 말처럼, 니체는 현대 인문학 전반에 가장 큰 영향을 끼친 철학자로 꼽힌다. 특유의 급진적인 사상과 날카로운 표현으로 인해 때로 오해를 받기도 하지만, 그는 위대한 철학자인 동시에 위대한 예술가였다. '신은 죽었다, 운명애(아모르 파티), 초인, 영원회귀' 등 니체가 제시한 개념들은 철학을 잘 모르는 사람이라도 한 번쯤 들어보았을 정도로 널리 알려져 있다. 이러한 개념들을 통해 그가 궁극적으로 전하고자 했던 메시지는 무엇일까? 바로 “자기 자신으로 살아라”이다. 그는 개인이 집단에 매몰되지 않고, 자기 자신의 정체성을 가지고 살아가기를 바랐다. “자신을 하나의 운명으로 받아들이고, 더 이상 다른 것을 기다리지 않는다.” 니체의 이 말에서 누군가 나타나 내 삶을 바꿔주기를 기대하지 않고, 자신의 운명을 사랑하겠다는 운명애(아모르 파티)에서 자신답게 살겠다는 그의 다짐이 드러난다. 개인을 강조하는 니체의 메시지는 자신을 잃어버리고 사는 현대인에게 시사하는 바가 크다. 현대 사회만큼 우리의 주의를 빼앗는 소음이 가득한 시대는 없었다. '이렇게 해라, 저렇게 해라'라는 수많은 노이즈 속에서 많은 사람이 자신을 잊어버린다. 니체의 말처럼 나 자신으로 살아가기 위해서, 우리는 혼자서 나아가야 한다. 니체는 평생 열네 권의 책을 썼고, 바그너를 비롯한 여러 사람들과 편지를 주고받았다. 편두통과 위통, 우울증으로 고통받는 중에도 10년간 이 나라 저 나라를 떠돌며 매일 글을 썼다. 『혼자일 수 없다면 나아갈 수 없다』는 그가 남긴 책들과 사후 발견된 편지, 일기, 메모, 미완성 유고 등에서 통찰과 조언을 담은 힘 있고 아름다운 문장들을 모아 엮은 책이다. 남들의 시선과 말에 신경 쓰기를 멈추고, 자기 자신으로 살아갈 준비가 되었는가? 그렇다면 이 책을 펼쳐보자. 책을 펴는 순간, 당신은 있는 그대로의 자기 자신으로 살아갈 채비를 마친 것이다."
78,흔한남매 이상한 나라의 고전 읽기 5,최재훈,미래엔아이세움,2024년 03월 14일,어린이(초등),9.9,9791168415331,132쪽,153 * 218 * 17,한국어,['정보 없음'],"민속촌에서 즐거운 시간을 보내던 흔한남매! 우연히 ‘말뚝이 인형 극장’을 발견한 그들은 재미있는 고전 인형극을 보여 준다는 말에 홀린 듯 안으로 들어간다. 어두컴컴한 극장 안에서 말뚝이가 주문을 외우자, 팔다리에 인형 줄이 걸린 흔한남매는 소설 〈장화홍련전〉 속 세계로 들어가는데……. 4권 줄거리 - 〈장화홍련전〉, 〈사씨남정기〉, 〈이춘풍전〉 어느 주말, 엄마와 함께 민속촌에 놀러간 흔한남매! 전통문화도 체험하고 공연도 보면서 즐기던 중 우연히 ‘말뚝이 인형 극장’이라는 곳을 발견한다. 극장 주인 말뚝이가 재미있는 고전 인형극을 보여 주고 상품도 준다는 말에 흔한남매는 극장 안으로 들어간다. 왠지 으스스한 느낌이 드는 그곳에서 말뚝이가 주문을 외우자, 인형처럼 팔다리가 딱딱하게 굳어진 흔한남매는 어디선가 날아온 인형 줄에 매달려 다른 세계로 흘러 들어간다. 그렇게 으뜸이와 에이미가 도착한 곳은 소설 〈장화홍련전〉 속 세계! 으뜸이는 군수, 에이미는 호위 무사가 되어 있었고, 흔한남매는 그들의 멋진 모습에 흡족해한다. ‘철산’이라는 마을에 연달아 일어나는 괴상한 사건을 해결하라는 어명을 받고 철산 관아에 간 흔한남매는 새로 온 군수들마다 죽음을 맞았다는 이방의 말을 듣고 긴장한다. 그리고 그날 밤, 이제나저제나 의문의 살인자를 기다리던 흔한남매 앞에 누군가 나타나는데……. 〈장화홍련전〉에 이어 흔한남매가 간 곳은 소설 〈사씨남정기〉 속 세계. 하도 고전 체험을 많이 한 덕에 흔한남매는 더 이상 놀라지 않고 바로 적응한다. 그들의 미션은 첩인 교 씨의 모함을 받고 억울하게 쫓겨난 사씨 부인을 도와 이야기를 해피엔딩으로 만들라는 것! 쫓겨난 후에도 계속 목숨을 위협받는 사씨 부인을 지키기 위해 으뜸이와 에이미는 기상천외한 작전을 세우는데……. 마지막으로 간 곳은 소설 〈이춘풍전〉 속 세계. 이춘풍은 흥청망청 놀면서 가산을 탕진하고 관청에 집문서를 담보로 돈을 빌린 후 큰돈을 벌겠다며 평양으로 간 인물. 이춘풍의 역할을 맡게 된 으뜸이는 자신이 하지도 않은 잘못을 뒤집어쓰게 되었다며 억울해한다. 어찌되었든 큰돈을 벌 궁리를 하던 으뜸이의 어수룩한 모습이 평양 제일의 기생 추월이의 레이더망에 포착되고, 어느새 으뜸이는 한 푼도 남지 않고 추월이에게 탈탈 털리는 신세가 된다. 한편 평양과는 멀리 떨어진 한양에서 이춘풍의 아내 역할을 맡게 된 에이미는 으뜸이의 가련한 사연을 전해 듣고 분통이 터지는데……. 과연 흔한남매는 미션을 다 해결하고 원래 세계로 돌아갈 수 있을까? 등장인물 이름: 으뜸 나이: 중학교 3학년 별명: 초록 돼지 좋아하는 색: 초록색 좋아하는 것: 먹방 싫어하는 것: 독서 이름: 에이미 나이: 초등학교 5학년 별명: 피라냐 좋아하는 색: 주황색 좋아하는 것: 아이돌 댄스 싫어하는 것: 독서"
79,공부가 설렘이 되는 순간,조승우,포레스트북스,2024년 02월 21일,청소년,10,9791193506363,328쪽,146 * 210 * 27,한국어,"['인생', '성적', '급상승', '전국', '위인전', '라이트 형제']","서울대학교 정치외교학부 졸업, 베스트셀러를 펴낸 작가, 대한민국을 대표하는 교육 스타트업 ‘스몰빅클래스’의 대표. 이렇게만 보면 태어날 때부터 공부도 잘하고, 1등도 놓치지 않았던 실패와는 거리가 먼 인생처럼 보인다. 하지만 이건 조승우 대표가 만들어낸 ‘결과’일 뿐 ‘과정’ 속에는 수많은 좌절과 위기, 고민과 갈등의 순간이 있었다. ‘수학 30점’, ‘따돌림’, ‘우울증’. 이 세 단어는 고등학교 시절 조승우 대표를 대표하는 말이었다. 막연히 잘하고 싶다는 마음으로 공부에 파고들었지만 성적은 좀처럼 오르지 않았다. 여기에 친구들과 관계도 삐그덕거렸다. 그가 선택할 수 있는 건 단 하나, 도망치는 일이었다. 자퇴를 하겠다고 마음먹은 뒤 방에 처박혀 고민했다. “난 왜 안되는 걸까?” 그러다 우연히 어린 시절 읽었던 위인전을 뒤적이다가 한 가지 사실을 깨달았다. “아, 나는 실패한 게 아니라 아직 도달하지 못했을 뿐이구나!” 그리고 다시 책상 앞에 앉은 지 6개월 만에 전국 11등이라는 믿기 어려운 결과를 만들어냈다. 이 책 『공부가 설렘이 되는 순간』은 서울대 졸업생의 합격 비밀 노트가 아니다. 성적, 대학을 말하기 이전에 ‘나는 어떤 삶을 살 것인가, 내 인생의 계획 안에 공부라는 두 글자가 있는가’를 치열하게 고민하고, 무한한 잠재력과 가능성을 펼쳐갈 수 있도록 이끄는 인생 참고서다. 자신의 꿈을 이루기 위해 공부라는 길을 선택한 이들에게 보내는 진심 어린 응원이자 뜨거운 격려다. 아무리 노력해도 성적이 제자리걸음이라면, 책상 앞에만 앉으면 딴생각에 빠져든다면, 공부를 왜 해야 하는지도 모른 채 무작정 달려나가고만 있다면 이제 공부의 방향을 바꿔야 할 때다. 오랜 시행착오를 겪으며 마침내 전국 11등, 서울대학교 입학을 이뤄낸 조승우식 공부 노하우와 공부라는 벽 앞에서 무너지고 싶을 때마다 그를 일으켜세웠던 마음이 단단해지는 이야기가 페이지마다 가득하다. 그리고 이 책의 마지막 장을 읽을 때쯤 우리는 만날 수 있을 것이다. 마침내 공부가 설렘이 되는 그 순간을."
80,철학은 날씨를 바꾼다,서동욱,김영사,2024년 01월 12일,인문,9.8,9788934971351,343쪽,정보 없음,한국어,"['신작 에세이', '니체', '들뢰즈', '꽃송이', '여름비', '시회']","염세주의 사상가 쇼펜하우어의 인기가 식을 줄 모른다. 생을 향한 그의 적나라한 응시가 ‘욕망을 내려놓고 살아가는 힘’을 주어서일 것이다. 그러나 욕망이 사라진 자리를 그대로 비워놔도 괜찮을까. 시간도 방법도 없다는 이유로 더 나은 삶에 대한 생각을 이대로 멈춰도 될까. 국내 최고의 들뢰즈 사상 연구자이자 시인과 평론가로 활동해온 서강대학교 철학과 서동욱 교수가 7년 만에 출간한 에세이. 연결될수록 고립되는 세계, 버틸수록 소진되는 일상에 던지는 철학의 위로는 “삶에서 어디에 햇살이 깃들고 어디에 반가운 여름비가 오는지” 찾아준다. 우리는 한 사람의 마음을 어루만지고 모든 변화의 출발점이 되는 생각, 날씨를 선물해주는 생각의 힘을 체험하게 될 것이다."
81,"2024 큰별쌤 최태성의 별별한국사 한국사능력검정시험 심화(1, 2, 3급)(하)",최태성,이투스북,2023년 12월 01일,인문,9.9,9791138920001,304쪽,300 * 225 * 19,한국어,"['기출 선택지', '기출 모의고사', '단권', '무료 강의 제공', '연표', '대표 기출문제']","오랜 연구와 검증으로 한국사에 기초가 전혀 없는 사람도 단기간에 한능검에 합격할 수 있는 최적의 구성을 완성하였습니다. 판서의 장인 큰별쌤 최태성이 핵심만을 모아 만든 아트 판서를 수록하고, 시험에 자주 등장하는 사료, 사진, 지도 등을 모아 해설하여 합격을 위한 필수 개념을 익히기 쉽게 하였습니다. 또한, 한능검 기출문제를 모두 분석한 후, 기출 선택지를 이용한 별 채우기 문제를 수록하여 자연스럽게 기출 선택지가 기억될 수 있도록 하였고, 반복적으로 출제되는 주제의 최신 기출문제를 꼼꼼하고 친절한 해설과 함께 담아 실전에 대비할 수 있도록 하였습니다. 여기에 한국사 연표와 지역의 역사를 담은 지도를 통해 한국사 흐름잡기가 더욱 쉬울 것입니다. 제시된 이미지는 책의 뒷표지입니다. 〈2024 큰별쌤 최태성의 별별한국사 한국사능력검정시험 심화(1,2,3급) 하〉의 앞표지는 굿네이버스 위기 가정 아동 지원을 함께 해주신 최태성 1, 2TV 별님들로 구성되었습니다."
82,2024 헝그리스포츠 7일 완성 생활스포츠지도사 2급 필기,한현근,직업상점,2023년 07월 30일,취미/실용/스포츠,10,9791198122216,152쪽,211 * 298 * 7,한국어,"['체육사', '심리학', '운동 생리학', '형성', '운동 역학', '단기 합격']",2022년 Youtube에서 가장 뜨거웠던 스포츠지도사 강의 단 N분만에 끝내는 스포츠지도사 현직 체육교사가 제시하는 가장 쉽게 스포츠지도사를 준비할 수 있는 방법 이해부터 암기까지 강의를 반복해서 듣기만 하면 필기 준비 끝 가장 짧은 시간에 가장 알차게 준비할 수 있는 책
83,해커스 토익 RC Reading(리딩) 기본서,David Cho,해커스어학연구소,2023년 07월 24일,외국어,9.9,9788965424765,816쪽,188 * 258 * 41,한국어,"['부정사', '동사 원형', '명사절 접속사', '부사절 접속사', '전치사', '가산 명사']","[해커스 교재만의 특장점] 1. 토익 시험 최신기출경향 완벽 분석 및 반영 1) Part 5 까다로운 문법 포인트를 정리한 ‘토익 Grammar’와 ‘토익 핵심 Vocabulary’ 학습을 통해 빠른 속도로 풀이가 가능함 2) Part 6 지문의 흐름을 예상해보는 핵심 대비 전략을 통해 지문 전체 문맥을 빠르게 파악하여 문제를 맞히는 연습이 가능함 3) Part 7 문제의 정답을 정확히 골라낼 수 있는 핵심 대비 전략을 통해 제한시간 내에 빠른 독해와 문맥 파악이 가능함 2. [토익 READING 최신 출제 경향 한눈에 보기] 제공 최신 토익 시험의 문제 유형과 경향을 철저하게 분석하여 최신 경향을 제시하고, 경향에 맞춘 파트별 공략법을 상세히 정리하여 중점적으로 학습해야 할 내용을 완벽하게 정리할 수 있음 3. 한 권으로 기본부터 실전까지 토익 RC 완벽 대비 1) ‘Part 5, 6 Grammar’ 시험에 나올 문법 포인트가 체계적으로 정리된 Grammar 2) ‘Part 5, 6 Vocabulary’ 시험에 출제되는 핵심 Vocabulary 3) ‘Part 6, 7 Reading’ 문제 유형별/지문 유형별 풀이 전략을 제공하는 Reading 4) 정답뿐 아니라 오답까지 확실히 이해할 수 있는 상세한 해설 5) 시험장에도 들고 가는 토익 RC 필수 어휘(별책) 6) 최신기출경향을 반영한 4회분 실전모의고사로 마무리 4. 해커스 스타강사의 무료 실전 문제 해설강의 제공 1) 시험에 자주 출제되고 학습자들이 어려워하는 문제를 선정하여 해커스 스타강사의 해설강의를 제공함 2) 교재 내 QR코드를 이용하여 쉽고 빠르게 강의를 들을 수 있음 5. 진단고사로 실력 점검하고 자신에게 맞는 수준별 학습플랜 선택 1) 진단고사 진단고사를 제한 시간 안에 풀어보고, 맞은 개수로 자신의 레벨을 객관적으로 확인할 수 있음 2) 수준별 맞춤 학습플랜 진단고사 결과에 따른 레벨별 학습 플랜을 통해 자신의 수준에 맞는 전략적 학습이 가능함"
84,맡겨진 소녀,클레어 키건,다산책방,2023년 04월 21일 (1쇄 2023년 04월 12일),소설,9.8,9791130698199,104쪽,140 * 201 * 16,한국어,"['작품', '중편 소설', '국내 개봉', '최종 후보', '친척 집', '문학상']","문학의 나라 아일랜드, 그곳에서 현재 최고의 주목과 찬사를 받는 작가가 있다. 러시아의 문호 안톤 체호프, 같은 아일랜드 작가 윌리엄 트레버와 견주어지며 국제 문학계의 떠오르는 별로 꼽히는 소설가 클레어 키건의 이야기다. 섬세하고 감동적인 필체로 유명한 키건은 24년의 활동 기간 동안 펴낸 단 4권의 책으로 전 세계 유수의 문학상을 휩쓸며 천재 소설가라는 칭호와 함께 평단의 찬사를 받아왔으며 특히 지금, 세계의 독자들에게 열렬한 사랑을 받고 있다. 국내에서 마침내 처음 번역 출간되는 키건의 책 『맡겨진 소녀』는 2009년 데이비 번스 문학상을 수상한 작품으로, 애정 없는 부모로부터 낯선 친척 집에 맡겨진 한 소녀의 이야기를 그린다. 이 책을 원작으로 하는 영화 「말없는 소녀」 또한 세계 관객들의 열렬한 호평을 받으며 올해 5월 31일 국내 개봉을 앞두고 있다."
85,부자 아빠 가난한 아빠 1(20주년 특별 기념판),로버트 기요사키,민음인,2022년 10월 28일 (1쇄 2018년 02월 22일),경제/경영,9.7,9791158883591,448쪽,149 * 213 * 34,한국어,"['재테크', '부자되는법', '금융 지식', '복지 정책', '세금', '부동산']","기존 《부자 아빠 가난한 아빠》 제1권에는 없던 41개의 ‘20년 전 그리고 오늘’과 10가지 ‘스터디 세션’ 등 총 500매 분량의 새로운 내용을 추가한 『부자 아빠 가난한 아빠(20주년 특별 기념판)』. 돈에 대한 선입관을 깨뜨리는 파격적인 내용과 세월이 흘러도 흔들리지 않는 기준이 되어 줄 투자의 원칙들을 담은 책이다. 저자가 유년 시절 겪은 두 아버지를 통해 가난한 사람과 부자의 사고방식을 비교한다. 직설적인 화법과 몰입도 있는 스토리텔링으로 경제에 대한 기초 상식은 물론, 자산과 부채의 개념과 성공적인 투자를 위한 금융 IQ를 기르는 비법 등을 누구나 이해할 수 있도록 쉽고 명쾌하게 전한다. IT 기술의 발전과 새로운 시장의 형성, 로봇 기술의 발달과 일자리 축소, 세금 제도의 허점과 복지 정책의 위험성 등 저자가 지난 20년간의 세계 금융 변화 속에서 발견한 새로운 정보들을 ‘20년 전 그리고 오늘’에 수록하였고, 출간 당시에는 찬사와 비판을 동시에 받았던 부자 아빠의 교훈들이 어떻게 20년 동안 살아남아 영향력을 발휘하고 있는지 밝힌다. 더불어 각 장이 끝날 때마다 ‘스터디세션’ 부분에 독자들이 책의 내용을 재정리하며 부자 아빠의 원칙들을 생활 속에서 실천해나갈 수 있도록 도와준다."
86,자본주의,EBS 자본주의 제작팀,가나출판사,2013년 09월 27일,경제/경영,9.8,9788957365793,388쪽,148 * 210,한국어,"['경제학', '재테크', '중앙은행', '케인스', '경제이론', '국부론']","『자본주의』는 자본주의를 쉽게 풀어낸 방송, ‘EBS 다큐프라임 《자본주의》 5부작’을 책으로 엮은 것이다. 지갑 속 돈과 통장, 매달 갚아야 할 대출금과 이자, 살고 있는 집의 가격 등 이 모든 것이 자본주의 시스템에서 자유롭지 못한 오늘날, 세계 최고의 석학들을 만나 돈에 관한 진실과 자본주의의 비밀을 밝혀낸다. 그리고 무의식중에 우리를 나락으로 빠뜨리는 자본주의의 유혹과 위협 속에서 어떻게 살아남을 것인지도 알려준다. 이 책에서 독자들은 자신이 돈을 알맞게 쓰고 있는지 체크해 볼 수 있고, 자신을 지키며 행복하게 소비할 수 있는 방법을 찾아볼 수 있을 것이다."
87,불안,알랭 드 보통,은행나무,2012년 01월 04일 (1쇄 2011년 12월 28일),시/에세이,9.6,9788956605593,368쪽,134 * 200 * 30,한국어,"['불안감', '김제동', '속물근성', '철학서', '장동건', '능력주의']","우리나라 독자들이 가장 사랑하는 작가 중 한 명인 알랭 드 보통의 인문철학 에세이 《불안》이 국내 판매 40만부를 기념해 교보문고 특별 리커버판으로 새롭게 선보인다. 2005년 한국어 초판 출간 이래 20여년 가까이 꾸준히 사랑받아온 이 책은 현대인의 욕망과 불안 심리에 대한 첨예하고 날카로운 통찰력과 해법을 담아 배우 장동건, 방송인 김제동, 천문학자 심재경 등 유명인과 지식인들이 추천하는 필독서로 잘 알려져 왔다. 특별히 이번 리커버판에는 러시아 출신의 미국 화가 마크 로스코(Mark Rothko)의 추상화 작품 〈No. 3 / No. 13, 1949〉를 표지에 사용해 현대인의 미묘하고 불안한 심리를 전면에 드러내는 데 포인트를 두었다. 강렬한 색상이 불러일으키는 다양한 감정들을 통해 독자들이 저마다의 방식으로 ‘불안’이라는 인문학적 테마를 자유롭게 해석하고 사유하도록 이끌었다. 또한 작가의 친필 메시지를 인쇄본으로 함께 수록해 특별판으로서 소장 가치를 높였다. 이번 특별판은 교보문고 온·오프라인에서만 한정 기간동안 만날 수 있다."
88,예약판매 나 혼자만 레벨업 10(만화),장성락,디앤씨미디어,2024년 04월 18일,만화,10,9791193549810,300쪽,150 * 210,한국어,['정보 없음'],"전 세계 독자가 열광한 레이드 액션의 진수! 미국, 독일, 프랑스, 브라질, 스페인, 아르헨티나, 덴마크, 스웨덴, 우크라이나, 포르투갈, 이탈리아, 일본, 태국, 중국을 비롯, 세계 각국에 단행본 수출 중!! 최약체에서 최강 헌터로, 세상의 중심에 서다! 카카오페이지에서 연일 화제를 모으며, 폭발적 인기 속에 연재를 마친 장성락(REDICE STUDIO) 만화, 추공 원작, 현군 각색 『만화 나 혼자만 레벨업』 단행본 10권이 출간된다. 『만화 나 혼자만 레벨업』은 글로벌 플랫폼 웹툰 연재로 세계 각국에 팬덤이 형성될 만큼 완성도와 재미, 콘텐츠로서의 저력을 입증한 작품이다. 또한 압도적인 인기에 힘입어 각국에 단행본 수출 릴레이를 이어가는 중이며, 2024년은 넷플릭스 등 다수의 OTT 채널을 통해 TV애니메이션이 전 세계 동시 방영되었고, 넷마블에서 게임이 론칭되는 등 글로벌 단위의 인기를 실감하게 하는 한 해가 됐다. 단행본은 본문 전면 재연출을 거쳐 넉넉한 판형으로 출간되어, 모바일 스크롤 웹툰과는 또 다른 ‘나혼렙’ 액션신의 쾌감을 100% 만끽할 수 있다. 한 화 읽고 나면 정신을 차릴 수 없이 빠져드는 레이드 액션의 진수! 돈 없고, 빽 없고, 능력 없는 사상 최약체 E급 헌터, 성진우의 화려한 부활, 그리고 레벨업이 시작된다!"
89,예약판매 차트 분석 바이블,치과아저씨(팀 연세덴트),한스미디어,2024년 04월 08일,경제/경영,,9791193712245,768쪽,188 * 245,한국어,['정보 없음'],"네이버 프리미엄콘텐츠 상위 1% 최우수 채널, 유료 구독자 수[1K+], 재구독율 90% 달성 등 화제의 중심에 서 있는 ‘치과아저씨의 투자 스케일링’의 핵심 내용이 신간 《차트 분석 바이블》로 출간되었다. ‘치과아저씨의 투자 스케일링’은 투자 플랫폼 트레이딩뷰(TradingView) 최다 에디터즈픽 저자상을 수상하고 크립토퀀트 공식 인증 온체인 분석 작가(Verified Author)로도 활동하는 등 그만의 전문성을 인정 받아왔다. 최신 해외 기술적 분석 자료와 실전 사례, 그리고 예리한 분석과 차별화된 인사이트가 가득 담긴 이번 신간은 오랫동안 서적 출간을 염원해왔던 구독자와 일반 투자자들에게 큰 선물이 되어줄 것이다. “뭘 사야 하나요? 그리고 어떤 종목이 오를까요?” “언제, 얼마에 사면 되나요?” “언제, 얼마에 팔면 될까요?” 투자는 불확실성과의 싸움이다. 이 기업의 주식을 언제 사야 할지, 이 가격이 저점인지 고점인지, 매수했다면 언제 팔아야 할지, 조정이 나타난다면 어느 구간까지 나타날지 불안할 수밖에 없다. 투자에 있어 기술적 분석이 꼭 필요한 이유가 바로 여기에 있다. 연세대학교 치과대학을 졸업한 5명의 치과 전문의로 구성된 트레이딩 팀 ‘치과아저씨’는 네이버 프리미엄콘텐츠 ‘치과아저씨의 투자 스케일링’ 채널을 통해 최신 국내외 기술적 분석 자료와 실전 사례, 그리고 최고급 트레이딩 자료를 제공해왔다. 신간 《치과아저씨의 투자 스케일링과 함께하는 차트 분석 바이블》은 기초적인 내용부터 수준 높은 해외 최신 경향의 투자 기법까지 한 권의 책에서 모두 다루고 있다. 더불어 비전공자의 눈으로 처음 주식 투자를 시작하던 초보자 시절부터 남을 가르칠 수 있는 고수의 반열에 오르기까지의 과정을 담고 있다. 따라서 기술적 분석에 대해 전혀 알지 못했던 투자자들이라도 이 책 한 권이면 기술적 분석에 능통한 트레이더가 될 수 있을 것이다."
90,강인함의 힘,스티브 매그니스,상상스퀘어,2024년 03월 27일,자기계발,10,9791192389776,408쪽,151 * 224 * 30,한국어,['정보 없음'],강인함이란 무엇인가? 최후의 승리자는 누구인가? 성공을 거두기 위해 내면의 힘을 기르는 방법 그리고 강인함에 대한 새로운 과학!
91,파타,문가영,위즈덤하우스,2024년 03월 06일,시/에세이,9.9,9791171711581,정보 없음,정보 없음,한국어,['정보 없음'],"배우 문가영의 첫 번째 산문집 가장 진실에 가까운 나의 모습을 지키기 위한 겹겹의 기록 김이나 작사가, 이혁진 소설가 추천! “여러 배역의 인생을 산 배우의 삶은 하나의 삶일까, 여러 사람의 삶일까. 별로 중요한 질문이 아니다. 삶에서 중요한 건 개수가 아니라 얼마나 진실했느냐니까.” _이혁진(소설가, 『사랑의 이해』 저자) 〈여신강림〉(2020), 〈사랑의 이해〉(2023)로 전 세계 팬들의 이목을 사로잡은 배우 문가영의 첫 번째 산문집이 출간되었다. 18년간 다양한 배역을 소화하면서도 자신만의 무드로 매 작품마다 뚜렷한 인상을 남겼던 그녀가 이제는 ‘작가 문가영’으로서 대중들 앞에 나섰다. 깊이 있는 사유를 켜켜이 쌓아 자신과 자신을 둘러싼 세상을 치열하게 마주하고자 하는 문가영의 내밀한 언어들이 이 책에 담겼다. 인터뷰마다 긴 시간 동안 촘촘히 생각을 다듬어 온 사람 특유의 단단한 내공을 보여주었던 그녀를 이미 알아본 이들이라면 이번 출간 소식이 더없이 반가울 것이다. 독일에서 보낸 유년 시절과 어렸을 때부터 지속된 독서 습관, 고전문학에 대한 남다른 애정을 가진 그녀는 ‘파타’라는 새로운 얼굴을 통해 그녀이면서, 그녀가 아닌 이야기들을 풀어놓는다. 1부 ‘존재의 기록’에서는 지극히 일상적인 사건들을 통해 삶에 끊임없이 질문을 던지고 있는데, 이는 결국 진실된 자신을 마주하기 위한 치열한 자기 탐구의 과정으로 이어진다. 2부 ‘생각의 기록’은 배우 문가영의 보다 솔직한 욕망이 드러나는 부분으로, 질주하는 단상들 사이에서 자신과 바깥을 향한 예리하면서도 깊이 있는 시각이 돋보인다. 부록으로는 1부, 2부의 에피소드와 연결되는 실제 문가영의 아버지가 쓴 육아일기를 발췌해 넣었다. 흩어진 에피소드들이 어느 순간 유기적으로 연결되어 있음을 깨달을 때나, 암시적인 대화 속 한 겹 숨겨둔 파타의 메시지를 발견하게 될 때면 펼친 책을 쉽게 덮을 수 없을 것이다. 사사로운 감정에 ‘잡아먹히지’ 않도록, 두 눈을 형형하게 뜬 채 진실을 좇아 세상을 응시하는 문가영, 아니 파타의 시선을 따라가 보자."
92,센세이셔널,애슐리 워드,상상스퀘어,2024년 01월 10일,과학,10,9791192389530,424쪽,152 * 225 * 27,한국어,"['감각 능력', '하이파이브', '에드가', '동아시아', '면역계', '작동']","우리가 보고, 듣고, 느끼는 모든 것은 객관적이지 않다. 개인이 태어나고 자라면서 경험한 모든 일, 문화적 배경, 주위 환경 등 다양한 요소가 영향을 미친다. 사랑하는 사람의 얼굴을 바라볼 때, 불어오는 바람에 맛있는 빵과 커피 냄새가 실려 올 때, 좋아하는 음악을 들을 때 행복한 감정을 느껴본 적이 있는가? 위대한 예술품과 자연의 웅장함부터 평범한 일상에서 마주하는 모든 순간에 이르기까지 감각은 우리가 더 가치 있게 살아갈 수 있게 해준다. 감각은 우리가 세상을 헤쳐나가는 데 없어서는 안 될 핵심 존재다. 감각이 있기에 사랑하는 이의 얼굴에서 표정을 알아볼 수 있고, 냄새로 과일이 익었는지 느낄 수 있고, 갑자기 떨어진 기압으로 다가오는 폭풍우를 감지할 수도 있다. 지금까지는 인간에게 무려 53가지 감각이 있다고 알려졌다. 우리는 믿기 어려울 정도로 폭넓은 감각에 대한 지식을 이제 막 넓혀가기 시작했다. 이 책은 인간에게서 각 감각이 어떻게 진화해왔는지, 자연에 사는 다른 생명체에게는 해당 감각이 어떻게 작동하는지 탐구한다. 인간을 포함한 모든 생명체의 감각을 따라가다 보면 우리가 평소 마주하는 일상적인 경험이 감각을 거쳐 어떻게 더 풍부해지는지 드러난다. 일상에서 우리가 당연시 여기는 감각들이 어떻게 감정과 연결되어 있는지를 발견하는 순간, 삶의 작은 순간들이 더욱 의미 있어진다. 시드니대학교 교수이자 소장으로 재직 중인 애슐리 워드는 오랜 시간 동물 행동학을 연구해왔다. 남극의 크릴부터 포유류에 이르기까지 다양한 동물의 행동을 연구하며 경력을 쌓았고, 동물 행동학 분야에 학문적으로 기여하며 국제적인 명성을 얻었다. 동물의 사회적 행동에 관한 여러 저서와 논문을 발표했고, 대중 과학 분야에서 활발히 활동하며 인간과 동물에 대한 이해도를 높이기 위해 노력하고 있다. 애슐리 워드가 안내하는 감각의 세계를 탐험하다 보면 인간뿐만 아니라 모든 생명체가 작동하는 방식에 경이로움이 느껴지고, 새로운 세상에 눈이 떠진다. 이 책은 단순히 과학적 지식을 나열하는 책이 아니다. 인간의 모든 감각을 하나하나 탐구하며, 각 감각이 우리가 세상을 인식하는 데 어떻게 영향력을 발휘하는지 다양한 사례와 함께 흥미롭게 풀어낸다. 우리가 느끼는 감각의 비밀이 밝혀질 때마다 또 다른 궁금증이 꼬리를 물고, 페이지를 넘길 때마다 놀라움을 느낄 수 있다. 또한 이 책은 일상에서 경험하는 모든 일을 더 다양한 관점으로 바라볼 수 있게 도와준다. 이 책을 읽고 나면 예전에는 의미 없이 흘러갔을 모든 순간에서 특별한 의미를 찾을 수 있다. 이 책에서는 감각하는 원리뿐만 아니라 이유를 함께 살펴본다. 각자의 감각적 경험이 어떻게 다르고, 그런 차이는 어디서 생겨나는지에 관한 흥미진진한 질문도 탐구한다. 또 감각이 인류에 어떻게 영향을 미쳐왔는지 살펴보고, 앞으로 어떤 영향을 미칠지 예측해본다. 1~5장까지는 시각, 청각, 후각, 미각, 촉각이라는 인간의 오대 감각을 하나씩 다룬다. 6장은 제대로 인정받지 못하지만 없어서는 안 될 여러 감각을 살펴본다. 책 전반에 걸쳐 서로 다른 감각 사이에서 일어나는 수많은 상호작용을 이야기하며, 특히 마지막 장에서 우리 뇌가 뒤죽박죽 섞여 들어오는 감각 입력을 어떻게 지각이라는 하나의 그림으로 엮어내는지 탐구한다. 이 책은 일반적으로 생각하는 오감이라는 개념을 넘어서 인간이 지니고 있는 다양한 감각을 탐구한다. 그동안 의식하지 않았던 일상적인 모든 행동이 감각들의 상호작용의 결과였음을 알고 나면 지금까지와는 완전히 다른 방식으로 세상을 바라보게 될 것이다. 모든 사람은 각자만의 방식으로 세상과 상호작용한다. 입맛이 까다롭거나, 작은 소리에도 예민하게 반응하거나, 냄새에 민감하다면 감각에서 원인을 찾을 수 있다. 감각은 자신이 어떤 사람인지를 더 잘 이해하는 데 반드시 필요한 정보다. 감각이 어떤 방식으로 작동하는지 이해한다면 일상의 모든 순간에서 새로운 즐거움과 의미를 찾을 수 있다. 내가 느끼는 감각에 더 깊이 빠져들 준비가 됐다면 바로 이 책을 펼치고 새로운 세계에 뛰어들길 바란다!"
93,나는 배당투자로 매일 스타벅스 커피를 공짜로 마신다,송민섭(수페TV),21세기북스,2023년 12월 06일,경제/경영,9.6,9791171171989,272쪽,171 * 235 * 26,한국어,"['주식투자', '초보 투자자', '배당금', '금융 소득', '근로 소득', '실전 투자']","빠른 시장 트렌드 분석과 꼼꼼한 투자 지식으로 초중급 주식투자자들에게 신뢰를 얻고 있는 유튜브 채널 ‘수페TV’는 다년간 한국 주식은 물론이고 미국 주식에 투자하며 경제적 자유를 이루는 데 성공한 파이어족이다. 개인투자자로서 튼튼한 부의 파이프라인을 얻기까지 겪었던 수많은 실패와 성공 사례를 연구해 낮은 리스크로 꾸준한 수입을 얻을 수 있는 최상의 배당투자 전략을 정리했고, 그 결과물과 실전 노하우를 『나는 배당투자로 매일 스타벅스 커피를 공짜로 마신다』에 오롯이 담았다. 이 책은 하루하루 회사 일에 쫓기는 월급쟁이에서 벗어나기 위해 경제 공부와 주식투자를 하는 사람들의 마음을 단단하게 지탱해줄 투자 마인드셋은 물론이고, 예상 투자 수익금과 리스크 파악, 기업정보 분석, 개인 투자성향별 ETF 찾는 법과 포트폴리오 관리 등 투자 지식과 인사이트를 총망라해 30일 동안 따라 할 수 있도록 밀도 있게 구성했다. 투자 용어는 물론이고 유용한 사이트까지 모조리 담아 주식투자를 처음 해보는 초보투자자도 이 책 하나로 반평생 동안 제2의 월급을 받는 마스터플랜을 세워볼 수 있을 것이다."
94,임신 출산 육아 대백과 최신개정판,삼성출판사 편집부,삼성출판사,2023년 08월 11일,가정/육아,9.5,9788915002609,410쪽,227 * 299 * 32,한국어,"['모유 수유', '생후', '임신부', '분만', '아기', '대처']","● 〈임신 출산 육아 대백과〉 2023년 개정판은 가이드 구성에 충실, 초보엄마들이 궁금해할만한 내용을 사진으로 꼼꼼하게 보여준다. ● 임신 중 요가, 산후조리, 육아의 기초(신생아 목욕시키기, 옷 입히기 등)의 과정을 사진으로 보여주어 슬라이드를 넘기듯 한눈에 육아의 기초를 알 수 있다. ● 임신, 출산, 육아의 각 단계를 시간 순서별로 나누어 Step 1부터 Step11로 구분해 필요한 부분을 쉽게 찾아볼 수 있다. ● 초보엄마들이 실수하기 쉬운 부분, 꼭 알아야 할 부분을 세심한 정보 박스로 정리해 놓치지 않고 볼 수 있게 했다. ● 귀여운 일러스트 표지를 채택하고 책에 비닐커버를 씌워 활용도를 높였다."
95,총 균 쇠,재레드 다이아몬드,김영사,2023년 05월 11일 (1쇄 2023년 05월 10일),역사/문화,9.8,9788934942467,784쪽,154 * 214 * 45,한국어,"['중국', '뉴기니', '폴리네시아', '안나', '에디션', '오스트레일리아']","학문의 경계를 넘나드는 세계적 석학 재레드 다이아몬드. 인류 문명에 대한 예리한 통찰을 전해온 그의 대표작이자 1998년 퓰리처상 수상작 《총, 균, 쇠》를 새 번역, 새 편집으로 만난다. 왜 어떤 국가는 부유하고 어떤 국가는 가난한가? 왜 어떤 민족은 다른 민족의 정복과 지배의 대상이 되었는가? 생물학, 지리학, 인류학, 역사학 등 다양한 학문의 융합을 통해 장대한 인류사를 풀어내며 오늘날 현대 세계가 불평등한 원인을 종합 규명한 혁신적 저작. 출간 25년 기념 뉴에디션에는 2023년 저자 특별서문과 서울대 인류학과 박한선 교수의 해제, 새 서문과 후기를 수록해 풍성한 읽을거리를 더했다."
96,내면소통,김주환,인플루엔셜,2023년 02월 27일,인문,9.7,9791168340855,768쪽,162 * 235 * 47,한국어,"['뇌과학', '편도체', '뇌 발달', '블랭킷', '선문답', '플라시보']","마음에도 근육이 있다. 몸의 근력처럼 마음근력도 체계적이고 반복적으로 훈련하면 강해진다. 베스트셀러 《회복탄력성》 출간 후 한층 더 깊이 마음근력 연구에 집중해온 김주환 교수는 신간 《내면소통》을 통해 마음근력을 키우는 가장 효과적인 방법을 밝혔다. ‘내면소통’이 마음근력의 기초이며, 올바른 내면소통을 위한 최선의 방법은 명상이라는 것. 그는 ‘내면소통 명상’의 효능을 입증하기 위해 국내 유수의 뇌과학자, 정신건강의학 전문의들과 공동 연구를 진행하는 한편 그 연구 결과를 현장에서 직접 검증했다. 현재는 정신건강의학과 의사들을 대상으로 내면소통 명상법을 강연하는 한편, 각계각층의 리더와 명상 강사들에게 명상 훈련을 전수하고 있다. 수년에 걸친 집필을 마무리한 2022년 11월, 처음으로 일반인에게 공개된 저자의 명상 강연은 1년여 만에 유튜브에서 누적조회 수 3,600만 뷰를 넘기며 수많은 이의 삶을 변화시키고 있다. 이 책에서 제시하는 내면소통 이론과 마음근력 훈련법을 신뢰할 수 있는 이유다. 출간에 앞서 이 책을 먼저 읽은 최재천 교수는 저자의 명상을 “최첨단 뇌과학과 물리학에 기반하여 통섭적으로 구축한 명상”이라 규정했다. 흔히 생각하는 종교적이고 신비주의적인 명상이 아니라, 최신 데이터와 현대과학으로 입증된 명상이라는 것이다. 출간 즉시 종합베스트셀러에 진입한 이 책은 “건강한 나로 살아가기 위해 꼭 읽어야 할 필독서”, “3번 이상 정독할 가치가 있다” “시대의 등불 같은 책” 등 수많은 독자의 극찬 속에 43주 연속 베스트셀러 기록, 그 어느 때보다 마음근력이 약해진 우리 디지털 인류에게 건강하고 행복한 삶에 이르는 길을 안내해주고 있다. 10만 부 판매 돌파를 기념해 출간한 스페셜에디션에는 저자가 직접 프로그래밍한 명상 훈련 일지를 부록으로 담았다. 매일 10분씩 12주간 꾸준히 실천하면 내가 달라지고, 세상이 달리 보이며, 인생이 달라지는 경험을 할 수 있을 것이다."
97,이은경쌤의 초등어휘일력 365,이은경,포레스트북스,2022년 10월 28일,가정/육아,9.9,9791192625300,384쪽,129 * 200 * 32,한국어,"['고전 문학', '위로', '오즈', '해리 포터', '떡집', '만복']","유튜브 누적 조회수 1,300만 뷰, 네이버카페 유튜브 ‘슬기로운초등생활’ 15만 부모의 멘토이자 자녀교육 베스트셀러 저자인 이은경쌤이 엄마와 아이가 함께 보는 초등어휘일력을 출간했다. 탁상달력 형태인 이 책은 1월 1일부터 12월 31일까지 어린이가 좋아하는 문학 속 다양하고 흥미로운 어휘를 제공한다. 이은경 쌤 특유의 친근한 위로와 응원가가 매일매일 그날의 어휘에 맞게 담겨있어 해당 일력을 보는 아이와 부모의 마음을 따듯하게 어루만져줄 것이다. 이은경 쌤이 이번 일력에 특히 신경 쓴 부분은, 아이들이 좋아할 만한 문학 작품들 속에서 어휘들을 선별했다는 것이다. 15년간 초등 아이들을 가르치면서 초등 시기에는 독서만큼 중요한 게 없다고 생각한 저자는 아이들이 막상 좋은 책을 만나도 그것을 제대로 읽지 못하는 것에 안타까움을 느껴왔다. 아이들에게 그 이유를 물어보니 책을 보면 자꾸 뜻 모를 단어가 툭툭 튀어나와 재미가 반감되고 결국 책에 마음을 붙이지 못하게 된다는 것이다. 그래서 저자는 아이들이 읽어봤을, 읽어봤으면 싶은 문학 작품 속에서 다양한 어휘를 찾아내어 따뜻한 응원의 메시지와 함께 준비했다. 어휘 하나만 알고 끝나지 않도록 어원, 유의어, 반의어, 예문을 가득 담아서 말이다. 아이가 매일 “헐이네”, “짱이네” 같은 말만 입에 담고, 일기나 독후감에 “참 재미있었다” “참 슬펐다”만 반복해서 쓴다면 『이은경쌤의 초등어휘일력 365』를 아이의 눈에 가장 잘 띄는 곳에 올려놓자. 매일 따로 공부할 시간을 낼 필요 없이 아이 스스로 눈에 보이는 재미있고 다양한 어휘들을 읽히게 될 것이다. 하루 10분이면 충분하다."
98,날개 환상통,김혜순,문학과지성사,2019년 03월 31일,시/에세이,9.6,9788932035307,정보 없음,정보 없음,한국어,"['한국시', '현대시', '신작 시집', '이광호', '내용증명', '해탈']","올해로 등단 40주년을 맞은 한국 시의 뜨거운 이름, 김혜순의 열세 번째 시집 『날개 환상통』. 몸으로 시를 쓰는 시인, '시하는' 시인, 하여 그 이름이 하나의 시학이 된 시인 김혜순의 이번 시집에는 총 72편의 시들이 수록되어 있다. 저자는 이번 시집에서 “시가 나를 ‘새하게’ 했다”고 밝히고 있는데, 이처럼 저자의 시적 상상력은 작별의 자리에서 ‘새하기’를 통해 주체와 객체의 경계를 허물고, 젠더와 상징질서의 구획을 돌파해간다."
99,나는 나의 스무 살을 가장 존중한다,이하영,토네이도,2024년 02월 28일,자기계발,9.6,9791158512859,264쪽,146 * 210 * 21,한국어,"['부자', '퀀텀', '헌팅', '무산소', '역이용', '헌금']","유튜브 채널 ‘TV러셀’에서 진행한 인터뷰가 단기간에 500만 뷰를 돌파한 화제의 인물이 있다. 저자 이하영은 지독한 가난을 이기고 대한민국 상위 1% 부를 이룬 의사이자, 인생 멘토로 꿈과 성공에 대한 새로운 관점과 방법을 제시하여 폭발적인 반응을 얻었다. 특히 인터뷰 중 ‘나는 나의 스무 살을 가장 존중한다’는 말은 많은 사람들에게 큰 울림과 신선한 충격을 안겨주었다. 대부분 후회와 아쉬움으로 점철될 수 있는 그 시간을 어떻게 보냈기에 그렇게 말할 수 있는 걸까? 그는 수중에 가진 것이 몇 천 원이 전부일 정도로 가난했던 시절에도 꿈만은 가난하게 꾸지 않았다. 새로운 꿈에 도전하기 위해 다시 공부를 시작하면서 ‘어떤 마음으로, 어떻게 운명을 바꾸었는지’ 잘 알고 있기에 지금의 자신을 만든 ‘스무 살의 나’를 가장 존중한다고 말하는 것이다. 이 책은 그가 젊은 날의 ‘가난과 뜨거운 노력’을 진정한 ‘부와 성공’으로 바꾸기까지의 과정과 노하우를 담고 있다. ‘내 삶에 대한 확신’이 극적인 변화의 시작이었다고 전하며, 그 방법을 구체적으로 안내한다. ‘매 순간 열심히 살아라’, ‘높은 목표를 세워라’ 등 기존 자기계발서에서 상식처럼 통하는 주장을 완전히 뒤집고, ‘대중과 멀어져라’, ‘좋은 결과에 대한 당연함을 허락하라’, ‘부정적인 생각을 역이용하라’ 등의 메시지를 전하며 ‘가난, 불안, 실패’가 각인되어 있는 무의식을 ‘감사, 부, 성공’로 송두리째 바꾸어 인생을 퀀텀 점프할 수 있도록 돕는다. 지금까지 잘 살아왔으면 어제와 똑같이 살면 된다. 하지만 어제와 똑같이 열심히 달리고만 싶지 않다면, 이 책을 만나라. 당신에게 가장 멋진 날개가 되어 차원이 다른 부와 성공의 세계로 이끌어 줄 것이다."
